note: You are running `vp build` as a Vite+ built-in command. If you meant to run the build npm script, use `vpr build` instead.
transforming...
✓ 8298 modules transformed.
rendering chunks...
computing gzip size...
dist/assets/ghostty-write-pty-hgyAvVbe.wasm                       0.11 kB │ gzip:   0.12 kB
dist/assets/snap-shot-click-CJiuxMEv.mp3                          6.38 kB
dist/assets/notification-input-BJS4voY1.mp3                      11.63 kB
dist/assets/notification-completion-vyCCbYsz.mp3                 11.94 kB
dist/assets/snap-shot-whoosh-CQZ59XJc.mp3                        15.02 kB
dist/index.html                                                  19.49 kB │ gzip:   5.03 kB
dist/assets/ghostty-vt-DdA0Zryv.wasm                            630.93 kB │ gzip: 187.91 kB
dist/assets/worker-DOaduRmg.js                                  834.87 kB
dist/third-party-licenses.json                                  995.30 kB │ gzip: 112.60 kB
dist/.vite/manifest.json                                      1,167.04 kB │ gzip:  81.77 kB
dist/assets/SymbolsNerdFontMono-Regular-aK5vsLov.woff2        1,177.57 kB
dist/assets/ipad-pro-13-m5-DCWznkpd.glb                       1,815.87 kB
dist/assets/ipad-pro-13-m5-magic-keyboard-l8da3bBi.glb        2,341.88 kB
dist/assets/iphone-18-pro-max-B3H2Zbeg.glb                    2,399.02 kB
dist/assets/iphone-18-pro-Crheuaz9.glb                        2,422.54 kB
dist/assets/iphone-duo-Cu4Xx1NH.glb                           3,097.72 kB
dist/assets/main-JwZ5FQCr.css                                   501.71 kB │ gzip:  66.97 kB
dist/assets/alarm-clock-CADiRrCw.js                               0.08 kB │ gzip:   0.09 kB
dist/assets/alarm-clock-off-6r4C7o2V.js                           0.08 kB │ gzip:   0.09 kB
dist/assets/archive-Dz5pVwQi.js                                   0.08 kB │ gzip:   0.09 kB
dist/assets/arrow-left-D25JtFph.js                                0.08 kB │ gzip:   0.09 kB
dist/assets/arrow-right-DaM6kFOO.js                               0.08 kB │ gzip:   0.09 kB
dist/assets/arrow-right-left-CdRYzMFS.js                          0.08 kB │ gzip:   0.09 kB
dist/assets/arrow-up-down-uRsuUPw_.js                             0.08 kB │ gzip:   0.09 kB
dist/assets/blocks-DfpZcHaD.js                                    0.08 kB │ gzip:   0.09 kB
dist/assets/bot-C-sL2_Q9.js                                       0.08 kB │ gzip:   0.09 kB
dist/assets/calendar-clock-CFTDXnUD.js                            0.08 kB │ gzip:   0.09 kB
dist/assets/chart-no-axes-column-DOEruGDY.js                      0.08 kB │ gzip:   0.09 kB
dist/assets/corner-left-up-BImZsaVm.js                            0.08 kB │ gzip:   0.09 kB
dist/assets/download-BPQ188rE.js                                  0.08 kB │ gzip:   0.09 kB
dist/assets/earth-DZpQ9VM0.js                                     0.08 kB │ gzip:   0.09 kB
dist/assets/file-search-CfBWpLn9.js                               0.08 kB │ gzip:   0.09 kB
dist/assets/folder-plus-B0K3Y8o6.js                               0.08 kB │ gzip:   0.09 kB
dist/assets/git-branch-DGkb1y3K.js                                0.08 kB │ gzip:   0.09 kB
dist/assets/hard-drive-Bfw7VXnP.js                                0.08 kB │ gzip:   0.09 kB
dist/assets/keyboard-Bc372Mbh.js                                  0.08 kB │ gzip:   0.09 kB
dist/assets/link-BW6byjou.js                                      0.08 kB │ gzip:   0.09 kB
dist/assets/message-circle-question-mark-C0Cqueug.js              0.08 kB │ gzip:   0.09 kB
dist/assets/message-square-BxRSJdKj.js                            0.08 kB │ gzip:   0.09 kB
dist/assets/message-square-dashed-DdNSZkX9.js                     0.08 kB │ gzip:   0.09 kB
dist/assets/messages-square-DbTGu3_U.js                           0.08 kB │ gzip:   0.09 kB
dist/assets/palette-Dm7dtsSw.js                                   0.08 kB │ gzip:   0.09 kB
dist/assets/panels-top-left-DQMXlZrz.js                           0.08 kB │ gzip:   0.09 kB
dist/assets/pin-B8NQQ3xv.js                                       0.08 kB │ gzip:   0.09 kB
dist/assets/pin-off-DIoZUYFe.js                                   0.08 kB │ gzip:   0.09 kB
dist/assets/rotate-ccw-DXwRY3Br.js                                0.08 kB │ gzip:   0.09 kB
dist/assets/rotate-cw-DWonsu0p.js                                 0.08 kB │ gzip:   0.09 kB
dist/assets/settings-2-DoANZhTg.js                                0.08 kB │ gzip:   0.09 kB
dist/assets/settings-Bl5B0lEV.js                                  0.08 kB │ gzip:   0.09 kB
dist/assets/shield-question-mark-BRffd3dF.js                      0.08 kB │ gzip:   0.09 kB
dist/assets/square-pen-CgqJNhlN.js                                0.08 kB │ gzip:   0.09 kB
dist/assets/text-search-BThBBwW9.js                               0.08 kB │ gzip:   0.09 kB
dist/assets/_chat.draft._draftId-DJ7LAi8J.js                      0.09 kB │ gzip:   0.11 kB │ map:     0.58 kB
dist/assets/_chat._environmentId._threadId-DJ7LAi8J.js            0.10 kB │ gzip:   0.12 kB │ map:     0.59 kB
dist/assets/env-wK1YYxA8.js                                       0.11 kB │ gzip:   0.12 kB │ map:     0.57 kB
dist/assets/pie-WAS4IAKB-D03AbvMy.js                              0.12 kB │ gzip:   0.12 kB
dist/assets/info-A6RAGUB7-Dzllmiom.js                             0.12 kB │ gzip:   0.12 kB
dist/assets/radar-RG4KPBEZ-WyLBpyl_.js                            0.12 kB │ gzip:   0.12 kB
dist/assets/packet-AYTQ26CC-CCz8v4IN.js                           0.12 kB │ gzip:   0.12 kB
dist/assets/cynefin-OW5HDTMX-CyVJzw9R.js                          0.12 kB │ gzip:   0.13 kB
dist/assets/treemap-WGGIJYW6-Bnnn0l5K.js                          0.12 kB │ gzip:   0.13 kB
dist/assets/wardley-WFR3VGLG-DccVRiV8.js                          0.12 kB │ gzip:   0.13 kB
dist/assets/gitGraph-4MIJSDKK-DMDcna7v.js                         0.12 kB │ gzip:   0.13 kB
dist/assets/railroad-74A4TZTK-DdmcJd1u.js                         0.12 kB │ gzip:   0.13 kB
dist/assets/treeView-Q6P3EWNA-CT_9G8-Z.js                         0.12 kB │ gzip:   0.13 kB
dist/assets/railroad-peg-WCYAUIDC-DL4hsd0w.js                     0.13 kB │ gzip:   0.13 kB
dist/assets/architecture-7GRP2DOG-Vq4atLah.js                     0.13 kB │ gzip:   0.13 kB
dist/assets/railroad-abnf-HS5TGJTU-C66o_4kc.js                    0.13 kB │ gzip:   0.13 kB
dist/assets/railroad-ebnf-LZEXJU2U-D6LlHKDV.js                    0.13 kB │ gzip:   0.13 kB
dist/assets/eventmodeling-NTZA5JFV-CDn8U6mz.js                    0.13 kB │ gzip:   0.13 kB
dist/assets/settings.archived-B6DW713W.js                         0.13 kB │ gzip:   0.14 kB │ map:     0.58 kB
dist/assets/array-BifhSqXX.js                                     0.15 kB │ gzip:   0.15 kB │ map:     0.58 kB
dist/assets/channel-BD57lLiW.js                                   0.15 kB │ gzip:   0.16 kB │ map:     0.56 kB
dist/assets/init-C-OQMol4.js                                      0.18 kB │ gzip:   0.16 kB │ map:     1.07 kB
dist/assets/slash-DcnRbal7.js                                     0.19 kB │ gzip:   0.18 kB │ map:     0.82 kB
dist/assets/tally-1-Dei2wPKq.js                                   0.19 kB │ gzip:   0.19 kB │ map:     0.83 kB
dist/assets/wifi-zero-DsS0Dp6G.js                                 0.20 kB │ gzip:   0.19 kB │ map:     0.85 kB
dist/assets/dot-BuvdvoGF.js                                       0.20 kB │ gzip:   0.19 kB │ map:     0.85 kB
dist/assets/signal-zero-ClmMm5xI.js                               0.20 kB │ gzip:   0.19 kB │ map:     0.86 kB
dist/assets/chunk-Y2CYZVJY-DsF7k-Jl.js                            0.20 kB │ gzip:   0.19 kB │ map:     0.80 kB
dist/assets/mountain-DxMlRS2y.js                                  0.21 kB │ gzip:   0.20 kB │ map:     0.86 kB
dist/assets/bluetooth-DcgL0EhG.js                                 0.21 kB │ gzip:   0.20 kB │ map:     0.87 kB
dist/assets/circle-small-DPgg5eMx.js                              0.21 kB │ gzip:   0.19 kB │ map:     0.90 kB
dist/assets/fish-symbol-Ct_YUzy2.js                               0.22 kB │ gzip:   0.21 kB │ map:     0.89 kB
dist/assets/space-D1dU_pmK.js                                     0.22 kB │ gzip:   0.21 kB │ map:     0.86 kB
dist/assets/egg-BbW3ZfTj.js                                       0.22 kB │ gzip:   0.21 kB │ map:     0.85 kB
dist/assets/twitch-DavU80gn.js                                    0.22 kB │ gzip:   0.22 kB │ map:     0.87 kB
dist/assets/framer-uAO5uV4d.js                                    0.22 kB │ gzip:   0.21 kB │ map:     0.87 kB
dist/assets/navigation-Dz4S-6CJ.js                                0.22 kB │ gzip:   0.21 kB │ map:     0.89 kB
dist/assets/tally-2-BeuO1f2t.js                                   0.23 kB │ gzip:   0.20 kB │ map:     0.93 kB
dist/assets/navigation-2-sAr6tq7z.js                              0.23 kB │ gzip:   0.21 kB │ map:     0.90 kB
dist/assets/option-1I-NdExi.js                                    0.23 kB │ gzip:   0.21 kB │ map:     0.94 kB
dist/assets/thermometer-DO2x7Jdw.js                               0.23 kB │ gzip:   0.22 kB │ map:     0.90 kB
dist/assets/move-up-oaROEdLi.js                                   0.23 kB │ gzip:   0.21 kB │ map:     0.94 kB
dist/assets/signal-low-wsI-ibkX.js                                0.23 kB │ gzip:   0.21 kB │ map:     0.96 kB
dist/assets/FieldItemContext-Bn6xBVJg.js                          0.24 kB │ gzip:   0.20 kB │ map:     0.88 kB
dist/assets/squircle-C0am967p.js                                  0.24 kB │ gzip:   0.21 kB │ map:     0.89 kB
dist/assets/move-left-DqE3PvoZ.js                                 0.24 kB │ gzip:   0.21 kB │ map:     0.96 kB
dist/assets/chunk-2Q5K7J3B-C1jixKkw.js                            0.24 kB │ gzip:   0.21 kB │ map:     0.87 kB
dist/assets/music-3-DcrN0XhY.js                                   0.24 kB │ gzip:   0.22 kB │ map:     0.97 kB
dist/assets/clock-6-erP6ovpj.js                                   0.24 kB │ gzip:   0.22 kB │ map:     0.98 kB
dist/assets/clock-12-gAOuwsO8.js                                  0.24 kB │ gzip:   0.22 kB │ map:     0.98 kB
dist/assets/clock-9-BtiembqM.js                                   0.24 kB │ gzip:   0.22 kB │ map:     0.98 kB
dist/assets/move-down-BmF4BBhk.js                                 0.24 kB │ gzip:   0.22 kB │ map:     0.96 kB
dist/assets/move-up-left-BAhwGdrg.js                              0.24 kB │ gzip:   0.22 kB │ map:     0.97 kB
dist/assets/music-2-DfpW6-9w.js                                   0.24 kB │ gzip:   0.22 kB │ map:     0.98 kB
dist/assets/rectangle-vertical-EJPxjojT.js                        0.24 kB │ gzip:   0.21 kB │ map:     1.00 kB
dist/assets/chevron-last-DEdJAsik.js                              0.24 kB │ gzip:   0.21 kB │ map:     0.98 kB
dist/assets/clock-1-QRQ499ws.js                                   0.24 kB │ gzip:   0.22 kB │ map:     0.98 kB
dist/assets/clock-2-DtsuxBJl.js                                   0.24 kB │ gzip:   0.22 kB │ map:     0.98 kB
dist/assets/clock-4-H_FFiYGv.js                                   0.24 kB │ gzip:   0.22 kB │ map:     0.98 kB
dist/assets/clock-5--J8e77s7.js                                   0.24 kB │ gzip:   0.22 kB │ map:     0.98 kB
dist/assets/move-right-DI-MleDq.js                                0.24 kB │ gzip:   0.21 kB │ map:     0.97 kB
dist/assets/blend-BrkLhIaI.js                                     0.24 kB │ gzip:   0.21 kB │ map:     1.00 kB
dist/assets/clock-7-CKAHhkRx.js                                   0.24 kB │ gzip:   0.22 kB │ map:     0.98 kB
dist/assets/clock-8-COHlc9Gd.js                                   0.24 kB │ gzip:   0.22 kB │ map:     0.98 kB
dist/assets/chevron-first-DSYKx-6Z.js                             0.24 kB │ gzip:   0.22 kB │ map:     0.99 kB
dist/assets/disc-DL_1Ez_6.js                                      0.24 kB │ gzip:   0.21 kB │ map:     1.00 kB
dist/assets/infinity-B4TYxROg.js                                  0.24 kB │ gzip:   0.22 kB │ map:     0.91 kB
dist/assets/move-up-right-DKzHLp-H.js                             0.24 kB │ gzip:   0.22 kB │ map:     0.98 kB
dist/assets/bold-GWhcjvBY.js                                      0.25 kB │ gzip:   0.22 kB │ map:     0.90 kB
dist/assets/clock-10-BB5vNvVm.js                                  0.25 kB │ gzip:   0.22 kB │ map:     0.99 kB
dist/assets/clock-11-CZI6K98K.js                                  0.25 kB │ gzip:   0.22 kB │ map:     0.99 kB
dist/assets/rectangle-horizontal-BJB7a9Qe.js                      0.25 kB │ gzip:   0.22 kB │ map:     1.02 kB
dist/assets/reply-DROg_AoC.js                                     0.25 kB │ gzip:   0.22 kB │ map:     0.95 kB
dist/assets/move-down-left-CkbB-elt.js                            0.25 kB │ gzip:   0.22 kB │ map:     0.99 kB
dist/assets/arrow-down-left-B71ogOHk.js                           0.25 kB │ gzip:   0.21 kB │ map:     1.00 kB
dist/assets/chevrons-up-CFzvrcPY.js                               0.25 kB │ gzip:   0.21 kB │ map:     0.98 kB
dist/assets/ban-3i73gwkK.js                                       0.25 kB │ gzip:   0.23 kB │ map:     0.97 kB
dist/assets/chevrons-down-C6a68iQy.js                             0.25 kB │ gzip:   0.21 kB │ map:     0.99 kB
dist/assets/circle-minus-D2NNbjCy.js                              0.25 kB │ gzip:   0.22 kB │ map:     1.01 kB
dist/assets/wifi-low-GKc7xgD-.js                                  0.25 kB │ gzip:   0.22 kB │ map:     0.96 kB
dist/assets/arrow-down-right-DrMnnf9I.js                          0.25 kB │ gzip:   0.22 kB │ map:     1.00 kB
dist/assets/facebook-DQDmNHei.js                                  0.25 kB │ gzip:   0.23 kB │ map:     0.92 kB
dist/assets/move-down-right-CCDjGvYK.js                           0.25 kB │ gzip:   0.22 kB │ map:     1.00 kB
dist/assets/forward-GYn6ey25.js                                   0.25 kB │ gzip:   0.22 kB │ map:     0.97 kB
dist/assets/minus-C7W28oE7.js                                     0.25 kB │ gzip:   0.23 kB │ map:     0.84 kB
dist/assets/chevrons-left-BxurVQja.js                             0.25 kB │ gzip:   0.21 kB │ map:     1.00 kB
dist/assets/chevrons-right-BD1VNaTZ.js                            0.25 kB │ gzip:   0.21 kB │ map:     1.00 kB
dist/assets/mouse-wQxrTB7a.js                                     0.25 kB │ gzip:   0.23 kB │ map:     1.01 kB
dist/assets/triangle-DaWTuuvU.js                                  0.25 kB │ gzip:   0.23 kB │ map:     0.92 kB
dist/assets/tv-FLysY5Bv.js                                        0.25 kB │ gzip:   0.23 kB │ map:     1.00 kB
dist/assets/eclipse-C0RgbWqh.js                                   0.25 kB │ gzip:   0.22 kB │ map:     0.99 kB
dist/assets/authRedirect-DWE5a_T9.js                              0.25 kB │ gzip:   0.18 kB │ map:     1.40 kB
dist/assets/command-CxYTdpbI.js                                   0.25 kB │ gzip:   0.22 kB │ map:     0.92 kB
dist/assets/crop-B3o8rRmU.js                                      0.25 kB │ gzip:   0.22 kB │ map:     0.95 kB
dist/assets/check-check-DXXAbuYE.js                               0.25 kB │ gzip:   0.23 kB │ map:     0.99 kB
dist/assets/chevrons-down-up-CPJQGi3M.js                          0.25 kB │ gzip:   0.22 kB │ map:     1.01 kB
dist/assets/rows-2-BZUWLadp.js                                    0.25 kB │ gzip:   0.23 kB │ map:     1.01 kB
dist/assets/undo-Do4hOe99.js                                      0.25 kB │ gzip:   0.22 kB │ map:     0.95 kB
dist/assets/circle-slash-2-AFirF-VM.js                            0.26 kB │ gzip:   0.22 kB │ map:     1.03 kB
dist/assets/iteration-cw-BElNr10O.js                              0.26 kB │ gzip:   0.23 kB │ map:     0.99 kB
dist/assets/redo-CRbgSCQ9.js                                      0.26 kB │ gzip:   0.23 kB │ map:     0.95 kB
dist/assets/russian-ruble-TGukdpeZ.js                             0.26 kB │ gzip:   0.22 kB │ map:     1.00 kB
dist/assets/check-Cmy7pM2Y.js                                     0.26 kB │ gzip:   0.23 kB │ map:     0.85 kB
dist/assets/equal-sH-wuHtk.js                                     0.26 kB │ gzip:   0.21 kB │ map:     1.04 kB
dist/assets/menu-BPrpp2_h.js                                      0.26 kB │ gzip:   0.21 kB │ map:     1.02 kB
dist/assets/chart-line-Crl48bty.js                                0.26 kB │ gzip:   0.23 kB │ map:     0.99 kB
dist/assets/contrast-BaGhjL8o.js                                  0.26 kB │ gzip:   0.23 kB │ map:     1.00 kB
dist/assets/diff-B4lV8FfQ.js                                      0.26 kB │ gzip:   0.22 kB │ map:     1.02 kB
dist/assets/iteration-ccw-CfCcBpyq.js                             0.26 kB │ gzip:   0.23 kB │ map:     1.00 kB
dist/assets/panel-top-BaBb8GXa.js                                 0.26 kB │ gzip:   0.23 kB │ map:     1.03 kB
dist/assets/chevrons-left-right-D_Nms5g2.js                       0.26 kB │ gzip:   0.22 kB │ map:     1.03 kB
dist/assets/kanban-3LyOSBDq.js                                    0.26 kB │ gzip:   0.22 kB │ map:     1.03 kB
dist/assets/copyleft-Dvv59qoK.js                                  0.26 kB │ gzip:   0.23 kB │ map:     1.01 kB
dist/assets/panel-left-B3XOWdUv.js                                0.26 kB │ gzip:   0.23 kB │ map:     1.04 kB
dist/assets/book-DG8BEBdw.js                                      0.26 kB │ gzip:   0.23 kB │ map:     0.93 kB
dist/assets/chevrons-right-left-CZWvMVnM.js                       0.26 kB │ gzip:   0.22 kB │ map:     1.03 kB
dist/assets/parentheses-l5C0k7x_.js                               0.26 kB │ gzip:   0.22 kB │ map:     1.00 kB
dist/assets/tally-3-DdI7GgmZ.js                                   0.26 kB │ gzip:   0.22 kB │ map:     1.03 kB
dist/assets/tv-minimal-DXM3jrlv.js                                0.26 kB │ gzip:   0.23 kB │ map:     1.04 kB
dist/assets/corner-right-up-BrksfHj3.js                           0.26 kB │ gzip:   0.23 kB │ map:     1.02 kB
dist/assets/corner-up-left-D1o3j912.js                            0.26 kB │ gzip:   0.23 kB │ map:     1.01 kB
dist/assets/dice-1-nn230Q81.js                                    0.26 kB │ gzip:   0.23 kB │ map:     1.04 kB
dist/assets/heading-RhhZReTo.js                                   0.26 kB │ gzip:   0.22 kB │ map:     1.04 kB
dist/assets/circle-4zZlZno3.js                                    0.26 kB │ gzip:   0.23 kB │ map:     0.89 kB
dist/assets/circle-chevron-up-BJvgLHZH.js                         0.26 kB │ gzip:   0.23 kB │ map:     1.05 kB
dist/assets/copyright-C_h5l8WA.js                                 0.26 kB │ gzip:   0.23 kB │ map:     1.02 kB
dist/assets/cylinder-B7y96G8V.js                                  0.26 kB │ gzip:   0.24 kB │ map:     1.02 kB
dist/assets/underline-CuxQyaCG.js                                 0.26 kB │ gzip:   0.23 kB │ map:     1.03 kB
dist/assets/user-DHVQUz66.js                                      0.26 kB │ gzip:   0.24 kB │ map:     0.99 kB
dist/assets/corner-down-left-DJ76rRBS.js                          0.27 kB │ gzip:   0.23 kB │ map:     1.02 kB
dist/assets/square-minus-CNZj4iAu.js                              0.27 kB │ gzip:   0.23 kB │ map:     1.06 kB
dist/assets/chevron-up-C-w52bD6.js                                0.27 kB │ gzip:   0.24 kB │ map:     0.89 kB
dist/assets/chevron-down-DHV04o66.js                              0.27 kB │ gzip:   0.24 kB │ map:     0.90 kB
dist/assets/corner-down-right-BBM81l6-.js                         0.27 kB │ gzip:   0.23 kB │ map:     1.03 kB
dist/assets/corner-left-down-CXcDZCqX.js                          0.27 kB │ gzip:   0.23 kB │ map:     1.03 kB
dist/assets/corner-right-down-C3EveQpI.js                         0.27 kB │ gzip:   0.23 kB │ map:     1.03 kB
dist/assets/flame-08QromXB.js                                     0.27 kB │ gzip:   0.24 kB │ map:     0.94 kB
dist/assets/slice-CKCvCcy7.js                                     0.27 kB │ gzip:   0.24 kB │ map:     0.94 kB
dist/assets/torus-DTcrpol_.js                                     0.27 kB │ gzip:   0.22 kB │ map:     1.05 kB
dist/assets/triangle-right-RXbqCYzV.js                            0.27 kB │ gzip:   0.24 kB │ map:     0.99 kB
dist/assets/circle-chevron-down-Bn0d7Hev.js                       0.27 kB │ gzip:   0.23 kB │ map:     1.07 kB
dist/assets/circle-chevron-left-Cv1xXkCQ.js                       0.27 kB │ gzip:   0.23 kB │ map:     1.07 kB
dist/assets/venus-Cp7OpdAD.js                                     0.27 kB │ gzip:   0.23 kB │ map:     1.06 kB
dist/assets/at-sign-CHOJDWM4.js                                   0.27 kB │ gzip:   0.24 kB │ map:     1.01 kB
dist/assets/chevron-left-DrNh6cTh.js                              0.27 kB │ gzip:   0.24 kB │ map:     0.91 kB
dist/assets/chunk-JWPE2WC7-DVXcaiue.js                            0.27 kB │ gzip:   0.21 kB │ map:     0.89 kB
dist/assets/circle-chevron-right-BhPvRtod.js                      0.27 kB │ gzip:   0.23 kB │ map:     1.07 kB
dist/assets/circle-parking-BgDUI3CX.js                            0.27 kB │ gzip:   0.24 kB │ map:     1.05 kB
dist/assets/flag-triangle-left-skpOwAo4.js                        0.27 kB │ gzip:   0.23 kB │ map:     0.99 kB
dist/assets/martini-Bjf0hQUy.js                                   0.27 kB │ gzip:   0.23 kB │ map:     1.05 kB
dist/assets/chevron-right-NbahR9_s.js                             0.27 kB │ gzip:   0.24 kB │ map:     0.91 kB
dist/assets/flag-triangle-right-Bd6aBiLx.js                       0.27 kB │ gzip:   0.24 kB │ map:     0.99 kB
dist/assets/square-check-DU6erPEv.js                              0.27 kB │ gzip:   0.24 kB │ map:     1.06 kB
dist/assets/baseline-BZ5W26In.js                                  0.27 kB │ gzip:   0.23 kB │ map:     1.05 kB
dist/assets/square-dot-Ca-n-dGv.js                                0.27 kB │ gzip:   0.23 kB │ map:     1.08 kB
dist/assets/circle-check-big-Dwy5AZoD.js                          0.27 kB │ gzip:   0.24 kB │ map:     1.03 kB
dist/assets/circle-stop-Mgfzlsct.js                               0.27 kB │ gzip:   0.23 kB │ map:     1.09 kB
dist/assets/line-squiggle-BW8EgPcb.js                             0.27 kB │ gzip:   0.24 kB │ map:     0.99 kB
dist/assets/swiss-franc-x9qf1WwF.js                               0.27 kB │ gzip:   0.23 kB │ map:     1.06 kB
dist/assets/toggle-left-B06ixX84.js                               0.27 kB │ gzip:   0.24 kB │ map:     1.09 kB
dist/assets/pocket-CBCZJl4-.js                                    0.28 kB │ gzip:   0.23 kB │ map:     0.99 kB
dist/assets/check-line-Ciro_Iu3.js                                0.28 kB │ gzip:   0.23 kB │ map:     1.06 kB
dist/assets/cone-PqfHetI5.js                                      0.28 kB │ gzip:   0.25 kB │ map:     1.02 kB
dist/assets/mars-C_Y73WjX.js                                      0.28 kB │ gzip:   0.24 kB │ map:     1.07 kB
dist/assets/radical-CvMLlTcl.js                                   0.28 kB │ gzip:   0.25 kB │ map:     0.96 kB
dist/assets/text-align-end-6gAZrYZ_.js                            0.28 kB │ gzip:   0.22 kB │ map:     1.08 kB
dist/assets/toggle-right-CuS5XooH.js                              0.28 kB │ gzip:   0.24 kB │ map:     1.10 kB
dist/assets/signal-medium-CIlejL18.js                             0.28 kB │ gzip:   0.23 kB │ map:     1.08 kB
dist/assets/square-radical-C3zYKS5e.js                            0.28 kB │ gzip:   0.24 kB │ map:     1.08 kB
dist/assets/code-xml-CFRGpkAq.js                                  0.28 kB │ gzip:   0.23 kB │ map:     1.06 kB
dist/assets/pause-DG2JSxP1.js                                     0.28 kB │ gzip:   0.22 kB │ map:     1.09 kB
dist/assets/pill-D0OhU_yy.js                                      0.28 kB │ gzip:   0.23 kB │ map:     1.00 kB
dist/assets/rail-symbol-nktVRROp.js                               0.28 kB │ gzip:   0.23 kB │ map:     1.07 kB
dist/assets/ratio-BPUZVIDw.js                                     0.28 kB │ gzip:   0.23 kB │ map:     1.09 kB
dist/assets/square-DVrCvZRU.js                                    0.28 kB │ gzip:   0.24 kB │ map:     0.94 kB
dist/assets/square-chevron-up-CPKLbxe5.js                         0.28 kB │ gzip:   0.24 kB │ map:     1.10 kB
dist/assets/circle-plus-DhGmSDhP.js                               0.28 kB │ gzip:   0.23 kB │ map:     1.10 kB
dist/assets/credit-card-BwqIAyyg.js                               0.28 kB │ gzip:   0.24 kB │ map:     1.11 kB
dist/assets/move-diagonal-hwhpteTe.js                             0.28 kB │ gzip:   0.23 kB │ map:     1.08 kB
dist/assets/droplet-DZaT39pF.js                                   0.28 kB │ gzip:   0.25 kB │ map:     0.97 kB
dist/assets/square-slash-ChNUT2-l.js                              0.28 kB │ gzip:   0.24 kB │ map:     1.12 kB
dist/assets/tablet-C0r7927v.js                                    0.28 kB │ gzip:   0.24 kB │ map:     1.10 kB
dist/assets/text-align-center-B8ngGknN.js                         0.28 kB │ gzip:   0.23 kB │ map:     1.10 kB
dist/assets/ungroup-CKRpZ2if.js                                   0.28 kB │ gzip:   0.23 kB │ map:     1.11 kB
dist/assets/x-CSwbgjBe.js                                         0.28 kB │ gzip:   0.24 kB │ map:     0.92 kB
dist/assets/sigma-C7ZMMwQu.js                                     0.28 kB │ gzip:   0.24 kB │ map:     0.96 kB
dist/assets/spell-check-DlvghqE6.js                               0.28 kB │ gzip:   0.23 kB │ map:     1.08 kB
dist/assets/square-sigma-N6Q6NFLi.js                              0.28 kB │ gzip:   0.25 kB │ map:     1.08 kB
dist/assets/asterisk-Dv7lQALW.js                                  0.29 kB │ gzip:   0.23 kB │ map:     1.07 kB
dist/assets/loader-circle-B3Ce8JIQ.js                             0.29 kB │ gzip:   0.25 kB │ map:     0.93 kB
dist/assets/move-vertical-BJ7PtSl8.js                             0.29 kB │ gzip:   0.23 kB │ map:     1.09 kB
dist/assets/plus-Cr075-cy.js                                      0.29 kB │ gzip:   0.24 kB │ map:     0.94 kB
dist/assets/text-align-justify-ZSavDCXE.js                        0.29 kB │ gzip:   0.22 kB │ map:     1.11 kB
dist/assets/album-Bk0NfFhR.js                                     0.29 kB │ gzip:   0.25 kB │ map:     1.06 kB
dist/assets/circle-equal-BzznLOGV.js                              0.29 kB │ gzip:   0.23 kB │ map:     1.11 kB
dist/assets/dock-BL4Nup0v.js                                      0.29 kB │ gzip:   0.24 kB │ map:     1.10 kB
dist/assets/move-diagonal-2-BhO2ER0f.js                           0.29 kB │ gzip:   0.23 kB │ map:     1.10 kB
dist/assets/square-chevron-down-Di3-QlKV.js                       0.29 kB │ gzip:   0.25 kB │ map:     1.11 kB
dist/assets/square-chevron-left-CFvkvu91.js                       0.29 kB │ gzip:   0.25 kB │ map:     1.11 kB
dist/assets/arrow-up-to-line-Bg34Y1gT.js                          0.29 kB │ gzip:   0.23 kB │ map:     1.10 kB
dist/assets/captions-D3Cal-xk.js                                  0.29 kB │ gzip:   0.25 kB │ map:     1.08 kB
dist/assets/chart-no-axes-gantt-C9xt2pPZ.js                       0.29 kB │ gzip:   0.23 kB │ map:     1.11 kB
dist/assets/disc-2-CSL4Bz4w.js                                    0.29 kB │ gzip:   0.23 kB │ map:     1.11 kB
dist/assets/square-chevron-right-BFlc0mZe.js                      0.29 kB │ gzip:   0.24 kB │ map:     1.12 kB
dist/assets/square-parking-D6WFYoeA.js                            0.29 kB │ gzip:   0.25 kB │ map:     1.09 kB
dist/assets/table-2-CowRI5iF.js                                   0.29 kB │ gzip:   0.24 kB │ map:     0.97 kB
dist/assets/music-DJ3GtX1C.js                                     0.29 kB │ gzip:   0.24 kB │ map:     1.11 kB
dist/assets/move-horizontal-_P2ts7qF.js                           0.29 kB │ gzip:   0.23 kB │ map:     1.11 kB
dist/assets/rectangle-circle-D6b2-R_6.js                          0.29 kB │ gzip:   0.24 kB │ map:     1.08 kB
dist/assets/square-activity-CLK5wIcs.js                           0.29 kB │ gzip:   0.25 kB │ map:     1.10 kB
dist/assets/arrow-left-to-line-apQsHsaS.js                        0.29 kB │ gzip:   0.23 kB │ map:     1.11 kB
dist/assets/arrow-down-to-line-DQZ_6UEw.js                        0.29 kB │ gzip:   0.23 kB │ map:     1.12 kB
dist/assets/arrow-up-from-line-D7xtnBjq.js                        0.29 kB │ gzip:   0.23 kB │ map:     1.12 kB
dist/assets/flask-round-DxWupEdh.js                               0.29 kB │ gzip:   0.24 kB │ map:     1.08 kB
dist/assets/rss-D-dhQ0Bl.js                                       0.29 kB │ gzip:   0.24 kB │ map:     1.08 kB
dist/assets/square-stop-C3OcdR6P.js                               0.29 kB │ gzip:   0.24 kB │ map:     1.13 kB
dist/assets/brackets-DWftGioh.js                                  0.29 kB │ gzip:   0.24 kB │ map:     1.01 kB
dist/assets/briefcase-dbl4gYni.js                                 0.29 kB │ gzip:   0.25 kB │ map:     1.07 kB
dist/assets/chart-spline-C3wI5UCq.js                              0.29 kB │ gzip:   0.25 kB │ map:     1.03 kB
dist/assets/cloud-DyVMWy7X.js                                     0.29 kB │ gzip:   0.26 kB │ map:     0.90 kB
dist/assets/turkish-lira-f1hjCAtL.js                              0.29 kB │ gzip:   0.24 kB │ map:     1.09 kB
dist/assets/arrow-down-from-line-TeIfuk4g.js                      0.29 kB │ gzip:   0.24 kB │ map:     1.13 kB
dist/assets/arrow-left-from-line-wmZA1gID.js                      0.29 kB │ gzip:   0.24 kB │ map:     1.13 kB
dist/assets/arrow-right-to-line-DN0-bMXJ.js                       0.29 kB │ gzip:   0.24 kB │ map:     1.12 kB
dist/assets/beaker-FBvw5XUG.js                                    0.29 kB │ gzip:   0.24 kB │ map:     1.06 kB
dist/assets/code-DuFehkNQ.js                                      0.29 kB │ gzip:   0.24 kB │ map:     0.95 kB
dist/assets/dollar-sign-96rOa5F_.js                               0.29 kB │ gzip:   0.24 kB │ map:     1.07 kB
dist/assets/grid-2x2-CPB59woq.js                                  0.29 kB │ gzip:   0.24 kB │ map:     1.13 kB
dist/assets/square-square-CYRUm1-2.js                             0.29 kB │ gzip:   0.23 kB │ map:     1.15 kB
dist/assets/laptop-minimal-PCL1Pf-X.js                            0.30 kB │ gzip:   0.25 kB │ map:     1.15 kB
dist/assets/merge-CK9JZQdn.js                                     0.30 kB │ gzip:   0.25 kB │ map:     1.06 kB
dist/assets/columns-3-D2WkH_I_.js                                 0.30 kB │ gzip:   0.24 kB │ map:     1.13 kB
dist/assets/highlighter-2TwqE8a0.js                               0.30 kB │ gzip:   0.25 kB │ map:     1.03 kB
dist/assets/reply-all-CCJCV5iW.js                                 0.30 kB │ gzip:   0.24 kB │ map:     1.08 kB
dist/assets/search-check-DS6BiMOD.js                              0.30 kB │ gzip:   0.25 kB │ map:     1.12 kB
dist/assets/search-slash-Dk6L4afa.js                              0.30 kB │ gzip:   0.25 kB │ map:     1.12 kB
dist/assets/separator-vertical-BQWj92m_.js                        0.30 kB │ gzip:   0.23 kB │ map:     1.13 kB
dist/assets/spline-B6OyI4lP.js                                    0.30 kB │ gzip:   0.25 kB │ map:     1.12 kB
dist/assets/target-DP7Wj-oG.js                                    0.30 kB │ gzip:   0.22 kB │ map:     1.15 kB
dist/assets/touchpad-q31tddKK.js                                  0.30 kB │ gzip:   0.25 kB │ map:     1.13 kB
dist/assets/unlink-2-DKAoaBiV.js                                  0.30 kB │ gzip:   0.25 kB │ map:     0.91 kB
dist/assets/arrow-right-from-line-CD5QtM-I.js                     0.30 kB │ gzip:   0.24 kB │ map:     1.14 kB
dist/assets/undo-dot-BMyIeeYk.js                                  0.30 kB │ gzip:   0.25 kB │ map:     1.10 kB
dist/assets/airplay-BR1xW8rj.js                                   0.30 kB │ gzip:   0.24 kB │ map:     1.05 kB
dist/assets/arrow-up-3Yp3lsoe.js                                  0.30 kB │ gzip:   0.25 kB │ map:     0.98 kB
dist/assets/audio-waveform-Cuym0O29.js                            0.30 kB │ gzip:   0.23 kB │ map:     1.02 kB
dist/assets/git-commit-vertical-4z1NkVfG.js                       0.30 kB │ gzip:   0.24 kB │ map:     1.16 kB
dist/assets/japanese-yen-Bu2PNscv.js                              0.30 kB │ gzip:   0.24 kB │ map:     1.10 kB
dist/assets/share-ddAD1jrB.js                                     0.30 kB │ gzip:   0.24 kB │ map:     1.07 kB
dist/assets/terminal-6kKaKv-Q.js                                  0.30 kB │ gzip:   0.25 kB │ map:     0.98 kB
dist/assets/vote-MVGjWFKH.js                                      0.30 kB │ gzip:   0.25 kB │ map:     1.06 kB
dist/assets/arrow-up-from-dot-Bi7PjHeJ.js                         0.30 kB │ gzip:   0.25 kB │ map:     1.15 kB
dist/assets/cloud-check-3BBs6hw4.js                               0.30 kB │ gzip:   0.25 kB │ map:     1.03 kB
dist/assets/cloud-lightning-Bw4C0SlL.js                           0.30 kB │ gzip:   0.25 kB │ map:     1.05 kB
dist/assets/omega-2HgUksEk.js                                     0.30 kB │ gzip:   0.25 kB │ map:     0.97 kB
dist/assets/square-plus-B9j2jkOq.js                               0.30 kB │ gzip:   0.25 kB │ map:     1.15 kB
dist/assets/tally-4-CF_Z5u8c.js                                   0.30 kB │ gzip:   0.22 kB │ map:     1.13 kB
dist/assets/arrow-down-to-dot-Bk_KijVz.js                         0.30 kB │ gzip:   0.25 kB │ map:     1.15 kB
dist/assets/circle-arrow-down--0q_3Tza.js                         0.30 kB │ gzip:   0.24 kB │ map:     1.15 kB
dist/assets/club-RWunrlMQ.js                                      0.30 kB │ gzip:   0.24 kB │ map:     1.03 kB
dist/assets/dice-2-Nv8xj1tx.js                                    0.30 kB │ gzip:   0.25 kB │ map:     1.14 kB
dist/assets/ear-bKDgoANi.js                                       0.30 kB │ gzip:   0.25 kB │ map:     1.00 kB
dist/assets/separator-horizontal-D-yBAkDt.js                      0.30 kB │ gzip:   0.24 kB │ map:     1.14 kB
dist/assets/circle-arrow-left-Cykqm40u.js                         0.30 kB │ gzip:   0.24 kB │ map:     1.15 kB
dist/assets/divide-BV-CGfWz.js                                    0.30 kB │ gzip:   0.24 kB │ map:     1.17 kB
dist/assets/library-D9CgRwts.js                                   0.30 kB │ gzip:   0.24 kB │ map:     1.14 kB
dist/assets/log-out-D1JaCsBM.js                                   0.30 kB │ gzip:   0.24 kB │ map:     1.08 kB
dist/assets/section-BNOtfTwe.js                                   0.30 kB │ gzip:   0.24 kB │ map:     1.02 kB
dist/assets/battery-low-B-LrA0Cq.js                               0.30 kB │ gzip:   0.25 kB │ map:     1.15 kB
dist/assets/clock-bc9N_wA2.js                                     0.30 kB │ gzip:   0.26 kB │ map:     0.99 kB
dist/assets/mic-fIQxQbwV.js                                       0.30 kB │ gzip:   0.26 kB │ map:     1.11 kB
dist/assets/pen-ffdcxJ_x.js                                       0.30 kB │ gzip:   0.26 kB │ map:     0.97 kB
dist/assets/pi-BbzYqFbJ.js                                        0.30 kB │ gzip:   0.26 kB │ map:     1.10 kB
dist/assets/rainbow-Cv3X9UbT.js                                   0.30 kB │ gzip:   0.24 kB │ map:     1.08 kB
dist/assets/stretch-vertical-DRBoVgSg.js                          0.30 kB │ gzip:   0.23 kB │ map:     1.17 kB
dist/assets/arrow-down-DvRecXuy.js                                0.30 kB │ gzip:   0.25 kB │ map:     0.99 kB
dist/assets/bluetooth-off-6qtiWj8y.js                             0.30 kB │ gzip:   0.25 kB │ map:     1.11 kB
dist/assets/circle-arrow-right-bmQt7cgW.js                        0.30 kB │ gzip:   0.24 kB │ map:     1.16 kB
dist/assets/hexagon-SKOzPDTd.js                                   0.30 kB │ gzip:   0.24 kB │ map:     0.99 kB
dist/assets/square-equal-1SfvSr4v.js                              0.30 kB │ gzip:   0.25 kB │ map:     1.16 kB
dist/assets/square-x-g6g9nsQW.js                                  0.30 kB │ gzip:   0.25 kB │ map:     1.15 kB
dist/assets/clock-3-SBiWJYHb.js                                   0.30 kB │ gzip:   0.26 kB │ map:     1.00 kB
dist/assets/clock-check-uTXzoNPQ.js                               0.31 kB │ gzip:   0.25 kB │ map:     1.10 kB
dist/assets/hdmi-port-APznSFya.js                                 0.31 kB │ gzip:   0.24 kB │ map:     1.06 kB
dist/assets/smartphone-charging-BX9AREkw.js                       0.31 kB │ gzip:   0.26 kB │ map:     1.15 kB
dist/assets/text-quote-JkOLNTTv.js                                0.31 kB │ gzip:   0.23 kB │ map:     1.15 kB
dist/assets/wifi-high-BhoE6Kgx.js                                 0.31 kB │ gzip:   0.25 kB │ map:     1.09 kB
dist/assets/bed-BoQyFk9t.js                                       0.31 kB │ gzip:   0.24 kB │ map:     1.12 kB
dist/assets/circle-power-BDw4sJHr.js                              0.31 kB │ gzip:   0.25 kB │ map:     1.13 kB
dist/assets/power-BZu57mPF.js                                     0.31 kB │ gzip:   0.26 kB │ map:     0.97 kB
dist/assets/stretch-horizontal-CgQ8tnoB.js                        0.31 kB │ gzip:   0.23 kB │ map:     1.18 kB
dist/assets/arrow-up-left-BMvgV_8i.js                             0.31 kB │ gzip:   0.26 kB │ map:     1.01 kB
dist/assets/door-closed-BK7uIV4v.js                               0.31 kB │ gzip:   0.24 kB │ map:     1.10 kB
dist/assets/heading-1-CxgR0yjf.js                                 0.31 kB │ gzip:   0.23 kB │ map:     1.15 kB
dist/assets/list-minus-A1nIESZ_.js                                0.31 kB │ gzip:   0.23 kB │ map:     1.15 kB
dist/assets/shell-DLkJCyoz.js                                     0.31 kB │ gzip:   0.25 kB │ map:     0.98 kB
dist/assets/timer-DcosFuXk.js                                     0.31 kB │ gzip:   0.24 kB │ map:     1.18 kB
dist/assets/voicemail-B6R8NBQo.js                                 0.31 kB │ gzip:   0.24 kB │ map:     1.19 kB
dist/assets/annoyed-C3T62Mh4.js                                   0.31 kB │ gzip:   0.24 kB │ map:     1.17 kB
dist/assets/search-Cr9eaeTj.js                                    0.31 kB │ gzip:   0.26 kB │ map:     1.01 kB
dist/assets/wallet-minimal-B25zUd4X.js                            0.31 kB │ gzip:   0.24 kB │ map:     1.09 kB
dist/assets/arrow-up-right-C6IM-WPd.js                            0.31 kB │ gzip:   0.25 kB │ map:     1.02 kB
dist/assets/chunk-XXDRQBXY-BvKO0v-W.js                            0.31 kB │ gzip:   0.27 kB │ map:     1.12 kB
dist/assets/gauge-C_4eEUrj.js                                     0.31 kB │ gzip:   0.26 kB │ map:     0.97 kB
dist/assets/square-check-big-CEKXrtun.js                          0.31 kB │ gzip:   0.25 kB │ map:     1.08 kB
dist/assets/useNavigate-Cg_dAZ6Z.js                               0.31 kB │ gzip:   0.25 kB │ map:     2.30 kB
dist/assets/user-round-minus-n6dki3T9.js                          0.31 kB │ gzip:   0.25 kB │ map:     1.15 kB
dist/assets/book-minus-BBo8w1LR.js                                0.31 kB │ gzip:   0.25 kB │ map:     1.07 kB
dist/assets/cloudy-CjZ79CR4.js                                    0.31 kB │ gzip:   0.26 kB │ map:     1.02 kB
dist/assets/gallery-vertical-CoImM5Eo.js                          0.31 kB │ gzip:   0.25 kB │ map:     1.18 kB
dist/assets/skip-back-Cwmg5zs3.js                                 0.31 kB │ gzip:   0.26 kB │ map:     1.06 kB
dist/assets/headphones-GEH-49kh.js                                0.31 kB │ gzip:   0.24 kB │ map:     1.01 kB
dist/assets/mountain-snow-ZJ2I5Vcr.js                             0.31 kB │ gzip:   0.26 kB │ map:     1.07 kB
dist/assets/philippine-peso-BxuXriI7.js                           0.31 kB │ gzip:   0.24 kB │ map:     1.13 kB
dist/assets/signal-high-CiA25dvD.js                               0.31 kB │ gzip:   0.24 kB │ map:     1.16 kB
dist/assets/square-code-BjG6AIdV.js                               0.31 kB │ gzip:   0.25 kB │ map:     1.16 kB
dist/assets/square-round-corner-CSFqlq9P.js                       0.31 kB │ gzip:   0.24 kB │ map:     1.08 kB
dist/assets/step-back-nXBVvjfK.js                                 0.31 kB │ gzip:   0.26 kB │ map:     1.06 kB
dist/assets/ampersand-BsVVtuwW.js                                 0.31 kB │ gzip:   0.26 kB │ map:     1.07 kB
dist/assets/chart-no-axes-column-decreasing-DqFTtPHL.js           0.31 kB │ gzip:   0.24 kB │ map:     1.20 kB
dist/assets/chart-no-axes-column-increasing-CzHJR5Mc.js           0.31 kB │ gzip:   0.24 kB │ map:     1.20 kB
dist/assets/disc-album-Dsj2DK-9.js                                0.31 kB │ gzip:   0.26 kB │ map:     1.18 kB
dist/assets/list-check-ayOHp7fh.js                                0.31 kB │ gzip:   0.24 kB │ map:     1.16 kB
dist/assets/panel-top-open-B8QXtWFe.js                            0.31 kB │ gzip:   0.26 kB │ map:     1.17 kB
dist/assets/redo-dot-wIE9pIHN.js                                  0.31 kB │ gzip:   0.26 kB │ map:     1.12 kB
dist/assets/circle-gauge-DWH4Ztu8.js                              0.31 kB │ gzip:   0.26 kB │ map:     1.14 kB
dist/assets/gallery-horizontal-By8e1E_l.js                        0.31 kB │ gzip:   0.25 kB │ map:     1.20 kB
dist/assets/lasso-88iBbnao.js                                     0.31 kB │ gzip:   0.26 kB │ map:     1.11 kB
dist/assets/panel-left-open-BpUSQ8DT.js                           0.31 kB │ gzip:   0.26 kB │ map:     1.18 kB
dist/assets/panel-top-close-B7gndl3-.js                           0.31 kB │ gzip:   0.25 kB │ map:     1.18 kB
dist/assets/percent-DIX_I77r.js                                   0.31 kB │ gzip:   0.24 kB │ map:     1.18 kB
dist/assets/popsicle-DI6vRWUR.js                                  0.31 kB │ gzip:   0.26 kB │ map:     1.07 kB
dist/assets/skip-forward-Di-GRNXx.js                              0.31 kB │ gzip:   0.26 kB │ map:     1.08 kB
dist/assets/circle-arrow-out-up-left-CKXwYOv3.js                  0.31 kB │ gzip:   0.25 kB │ map:     1.17 kB
dist/assets/italic-RNnqQ7kE.js                                    0.31 kB │ gzip:   0.24 kB │ map:     1.21 kB
dist/assets/move-3d-CGDNUxVs.js                                   0.31 kB │ gzip:   0.24 kB │ map:     1.15 kB
dist/assets/panels-left-bottom-CCHwrI_8.js                        0.31 kB │ gzip:   0.25 kB │ map:     1.20 kB
dist/assets/step-forward-DCgLPTCY.js                              0.31 kB │ gzip:   0.26 kB │ map:     1.08 kB
dist/assets/trending-up-CyMfjRD-.js                               0.31 kB │ gzip:   0.26 kB │ map:     1.01 kB
dist/assets/user-round-check-CB4O0pWh.js                          0.31 kB │ gzip:   0.26 kB │ map:     1.16 kB
dist/assets/wind-uc4j6dwD.js                                      0.31 kB │ gzip:   0.25 kB │ map:     1.08 kB
dist/assets/diamond-DF0i9GEG.js                                   0.32 kB │ gzip:   0.23 kB │ map:     1.00 kB
dist/assets/square-arrow-up-B-KpUgCV.js                           0.32 kB │ gzip:   0.26 kB │ map:     1.18 kB
dist/assets/cloud-fog-gRhhYZJ0.js                                 0.32 kB │ gzip:   0.26 kB │ map:     1.10 kB
dist/assets/equal-approximately-P0oWwIOd.js                       0.32 kB │ gzip:   0.23 kB │ map:     1.09 kB
dist/assets/goal-ByTjb9cq.js                                      0.32 kB │ gzip:   0.26 kB │ map:     1.08 kB
dist/assets/panel-left-close-DbvDbH0z.js                          0.32 kB │ gzip:   0.26 kB │ map:     1.19 kB
dist/assets/proportions-Dat_ZLHn.js                               0.32 kB │ gzip:   0.26 kB │ map:     1.17 kB
dist/assets/vibrate-9ZY2YB05.js                                   0.32 kB │ gzip:   0.25 kB │ map:     1.15 kB
dist/assets/banknote-Cl-CzpxD.js                                  0.32 kB │ gzip:   0.26 kB │ map:     1.18 kB
dist/assets/book-check-ysA_15tW.js                                0.32 kB │ gzip:   0.25 kB │ map:     1.08 kB
dist/assets/gallery-vertical-end-BrjaLgWz.js                      0.32 kB │ gzip:   0.26 kB │ map:     1.21 kB
dist/assets/panel-right-close-CLkhj753.js                         0.32 kB │ gzip:   0.26 kB │ map:     1.19 kB
dist/assets/panel-right-open-HjI0oFk6.js                          0.32 kB │ gzip:   0.26 kB │ map:     1.19 kB
dist/assets/panels-right-bottom-DyyA5SnT.js                       0.32 kB │ gzip:   0.26 kB │ map:     1.20 kB
dist/assets/square-arrow-down-C3PoH5vP.js                         0.32 kB │ gzip:   0.26 kB │ map:     1.20 kB
dist/assets/tent-DTgZt70v.js                                      0.32 kB │ gzip:   0.24 kB │ map:     1.14 kB
dist/assets/twitter-DZOKk4Iu.js                                   0.32 kB │ gzip:   0.27 kB │ map:     1.00 kB
dist/assets/video-DW_8U_a_.js                                     0.32 kB │ gzip:   0.27 kB │ map:     1.11 kB
dist/assets/chart-bar-CCISqS0C.js                                 0.32 kB │ gzip:   0.24 kB │ map:     1.16 kB
dist/assets/chevrons-up-down-BMPucOK_.js                          0.32 kB │ gzip:   0.25 kB │ map:     1.05 kB
dist/assets/circle-check-Y1T60J9X.js                              0.32 kB │ gzip:   0.27 kB │ map:     1.05 kB
dist/assets/donut-DiyPe7Jg.js                                     0.32 kB │ gzip:   0.27 kB │ map:     1.08 kB
dist/assets/panel-bottom-open-9ifpLdps.js                         0.32 kB │ gzip:   0.26 kB │ map:     1.20 kB
dist/assets/square-arrow-left-BqWPgh3f.js                         0.32 kB │ gzip:   0.26 kB │ map:     1.20 kB
dist/assets/circle-arrow-out-up-right-D1CYknLL.js                 0.32 kB │ gzip:   0.24 kB │ map:     1.18 kB
dist/assets/equal-not-8J53xqyz.js                                 0.32 kB │ gzip:   0.24 kB │ map:     1.23 kB
dist/assets/trending-down-CZZKiTTZ.js                             0.32 kB │ gzip:   0.26 kB │ map:     1.03 kB
dist/assets/circle-dot-DSAuCGJf.js                                0.32 kB │ gzip:   0.25 kB │ map:     1.07 kB
dist/assets/circle-user-round-BhYvaLhS.js                         0.32 kB │ gzip:   0.25 kB │ map:     1.20 kB
dist/assets/panel-bottom-close-CnXEis0w.js                        0.32 kB │ gzip:   0.26 kB │ map:     1.20 kB
dist/assets/square-arrow-right-C-Hnn7J2.js                        0.32 kB │ gzip:   0.25 kB │ map:     1.20 kB
dist/assets/sword-CjaE4f8-.js                                     0.32 kB │ gzip:   0.25 kB │ map:     1.15 kB
dist/assets/user-round-GtkOza8y.js                                0.32 kB │ gzip:   0.27 kB │ map:     1.04 kB
dist/assets/zoom-out-BfOIHVvN.js                                  0.32 kB │ gzip:   0.25 kB │ map:     1.21 kB
dist/assets/non-binary-OBmYLTie.js                                0.32 kB │ gzip:   0.25 kB │ map:     1.20 kB
dist/assets/trash-DRMGaETe.js                                     0.32 kB │ gzip:   0.25 kB │ map:     1.09 kB
dist/assets/book-marked-c-QNZaIt.js                               0.32 kB │ gzip:   0.26 kB │ map:     1.09 kB
dist/assets/circle-arrow-out-down-left-DBSxcDVS.js                0.32 kB │ gzip:   0.25 kB │ map:     1.18 kB
dist/assets/circle-pause-CaGZF1jy.js                              0.32 kB │ gzip:   0.24 kB │ map:     1.23 kB
dist/assets/compass-Cml1SwC_.js                                   0.32 kB │ gzip:   0.26 kB │ map:     1.10 kB
dist/assets/flag-BgI6FfVC.js                                      0.32 kB │ gzip:   0.26 kB │ map:     0.99 kB
dist/assets/gallery-horizontal-end-DZfLT9b7.js                    0.32 kB │ gzip:   0.26 kB │ map:     1.22 kB
dist/assets/pentagon-edT5AdU6.js                                  0.32 kB │ gzip:   0.26 kB │ map:     1.01 kB
dist/assets/play-Bvcnzkvl.js                                      0.32 kB │ gzip:   0.27 kB │ map:     0.95 kB
dist/assets/square-arrow-up-left-DsSrC5xK.js                      0.32 kB │ gzip:   0.26 kB │ map:     1.21 kB
dist/assets/square-arrow-up-right-Dy3p7Fvq.js                     0.32 kB │ gzip:   0.26 kB │ map:     1.22 kB
dist/assets/square-power-2mhqNghi.js                              0.32 kB │ gzip:   0.26 kB │ map:     1.18 kB
dist/assets/test-tube-BSdAw-BW.js                                 0.32 kB │ gzip:   0.26 kB │ map:     1.10 kB
dist/assets/webcam-Ca7zkWpL.js                                    0.32 kB │ gzip:   0.25 kB │ map:     1.21 kB
dist/assets/chart-gantt-DoN9HE2B.js                               0.32 kB │ gzip:   0.25 kB │ map:     1.18 kB
dist/assets/circle-off-DVdALJJQ.js                                0.32 kB │ gzip:   0.25 kB │ map:     1.11 kB
dist/assets/cloud-alert-TKg5vXeA.js                               0.32 kB │ gzip:   0.26 kB │ map:     1.12 kB
dist/assets/route-D0hW35jk.js                                     0.32 kB │ gzip:   0.25 kB │ map:     1.14 kB
dist/assets/columns-2-D1kdFD9w.js                                 0.32 kB │ gzip:   0.27 kB │ map:     1.06 kB
dist/assets/laptop-minimal-check-DepyOUAW.js                      0.32 kB │ gzip:   0.27 kB │ map:     1.22 kB
dist/assets/lollipop-T1mi54wz.js                                  0.32 kB │ gzip:   0.26 kB │ map:     1.13 kB
dist/assets/strikethrough-mzWkLwQU.js                             0.32 kB │ gzip:   0.27 kB │ map:     1.18 kB
dist/assets/globe-x-cXIYy94j.js                                   0.33 kB │ gzip:   0.25 kB │ map:     1.11 kB
dist/assets/table-Cobc0wNx.js                                     0.33 kB │ gzip:   0.25 kB │ map:     1.21 kB
dist/assets/funnel-oVkNgVIX.js                                    0.33 kB │ gzip:   0.27 kB │ map:     1.00 kB
dist/assets/square-arrow-down-left-BVpd6Ixp.js                    0.33 kB │ gzip:   0.26 kB │ map:     1.22 kB
dist/assets/square-arrow-down-right-B4FM0IkI.js                   0.33 kB │ gzip:   0.26 kB │ map:     1.23 kB
dist/assets/battery-Bjbw2yxu.js                                   0.33 kB │ gzip:   0.28 kB │ map:     1.06 kB
dist/assets/chart-column-DRqcgLAp.js                              0.33 kB │ gzip:   0.25 kB │ map:     1.19 kB
dist/assets/circle-arrow-out-down-right-DZ6-Fkzj.js               0.33 kB │ gzip:   0.25 kB │ map:     1.19 kB
dist/assets/heart-Db8hAuoJ.js                                     0.33 kB │ gzip:   0.27 kB │ map:     1.00 kB
dist/assets/arrow-left-right-CmUMIErv.js                          0.33 kB │ gzip:   0.25 kB │ map:     1.21 kB
dist/assets/bluetooth-searching-OMirpfZo.js                       0.33 kB │ gzip:   0.26 kB │ map:     1.17 kB
dist/assets/euro-BA0HHj6U.js                                      0.33 kB │ gzip:   0.26 kB │ map:     1.12 kB
dist/assets/grid-2x2-check-VX0sz-YL.js                            0.33 kB │ gzip:   0.25 kB │ map:     1.11 kB
dist/assets/mars-stroke-CTlWxymJ.js                               0.33 kB │ gzip:   0.26 kB │ map:     1.21 kB
dist/assets/panel-right-C3EFo10c.js                               0.33 kB │ gzip:   0.27 kB │ map:     1.08 kB
dist/assets/split-9_PSdSzC.js                                     0.33 kB │ gzip:   0.26 kB │ map:     1.16 kB
dist/assets/square-m-4XYdTm5L.js                                  0.33 kB │ gzip:   0.27 kB │ map:     1.13 kB
dist/assets/users-round-Buy_9rwN.js                               0.33 kB │ gzip:   0.27 kB │ map:     1.15 kB
dist/assets/anchor-wRHvh0sn.js                                    0.33 kB │ gzip:   0.26 kB │ map:     1.19 kB
dist/assets/clipboard-DVgzzSZL.js                                 0.33 kB │ gzip:   0.26 kB │ map:     1.15 kB
dist/assets/pc-case-C0D7vfkV.js                                   0.33 kB │ gzip:   0.26 kB │ map:     1.22 kB
dist/assets/pyramid-Ct3paJW7.js                                   0.33 kB │ gzip:   0.26 kB │ map:     1.07 kB
dist/assets/search-alert-DvNc4Ksf.js                              0.33 kB │ gzip:   0.25 kB │ map:     1.22 kB
dist/assets/search-x-C8D0Y3PA.js                                  0.33 kB │ gzip:   0.25 kB │ map:     1.20 kB
dist/assets/ticket-minus-BhRJLcKl.js                              0.33 kB │ gzip:   0.25 kB │ map:     1.10 kB
dist/assets/circle-dollar-sign-CpqWwc92.js                        0.33 kB │ gzip:   0.26 kB │ map:     1.19 kB
dist/assets/circle-percent-BhHflvCK.js                            0.33 kB │ gzip:   0.25 kB │ map:     1.23 kB
dist/assets/circle-slash-Ceo-2WKq.js                              0.33 kB │ gzip:   0.26 kB │ map:     1.10 kB
dist/assets/corner-up-right--t3OPVhh.js                           0.33 kB │ gzip:   0.27 kB │ map:     1.05 kB
dist/assets/grid-3x2-QK9H5UXl.js                                  0.33 kB │ gzip:   0.25 kB │ map:     1.22 kB
dist/assets/map-pin-CPIOneM5.js                                   0.33 kB │ gzip:   0.28 kB │ map:     1.10 kB
dist/assets/music-4-DUJXabG8.js                                   0.33 kB │ gzip:   0.25 kB │ map:     1.22 kB
dist/assets/panel-bottom-BzpRd9wr.js                              0.33 kB │ gzip:   0.27 kB │ map:     1.09 kB
dist/assets/squares-unite-CYrPFuev.js                             0.33 kB │ gzip:   0.24 kB │ map:     1.04 kB
dist/assets/user-minus-1OVB4A8R.js                                0.33 kB │ gzip:   0.27 kB │ map:     1.19 kB
dist/assets/weight-DKo5gGNs.js                                    0.33 kB │ gzip:   0.27 kB │ map:     1.10 kB
dist/assets/align-vertical-space-around-CqX61VdB.js               0.33 kB │ gzip:   0.26 kB │ map:     1.25 kB
dist/assets/circle-play-BouwT_jR.js                               0.33 kB │ gzip:   0.26 kB │ map:     1.12 kB
dist/assets/ghost-DaOP1uy_.js                                     0.33 kB │ gzip:   0.26 kB │ map:     1.13 kB
dist/assets/key-ZEGAetUZ.js                                       0.33 kB │ gzip:   0.27 kB │ map:     1.12 kB
dist/assets/lock-keyhole-CgBJXcvU.js                              0.33 kB │ gzip:   0.27 kB │ map:     1.21 kB
dist/assets/rows-4-BwF0jQ2a.js                                    0.33 kB │ gzip:   0.26 kB │ map:     1.21 kB
dist/assets/vegan-CJSI_t_4.js                                     0.33 kB │ gzip:   0.27 kB │ map:     1.10 kB
dist/assets/app-window-CVIo0C1R.js                                0.33 kB │ gzip:   0.26 kB │ map:     1.24 kB
dist/assets/circle-question-mark-BpDszrUQ.js                      0.33 kB │ gzip:   0.26 kB │ map:     1.20 kB
dist/assets/handbag-C5nOwwN1.js                                   0.33 kB │ gzip:   0.27 kB │ map:     1.08 kB
dist/assets/heading-2-Yx_g8GTj.js                                 0.33 kB │ gzip:   0.25 kB │ map:     1.18 kB
dist/assets/import-C_dUFjPw.js                                    0.33 kB │ gzip:   0.25 kB │ map:     1.14 kB
dist/assets/pound-sterling-BHGJaD6h.js                            0.33 kB │ gzip:   0.25 kB │ map:     1.20 kB
dist/assets/georgian-lari-BZETvsUE.js                             0.33 kB │ gzip:   0.25 kB │ map:     1.20 kB
dist/assets/leaf-C9_dnv67.js                                      0.33 kB │ gzip:   0.28 kB │ map:     1.07 kB
dist/assets/list-indent-decrease-ebwFhb_z.js                      0.33 kB │ gzip:   0.24 kB │ map:     1.23 kB
dist/assets/list-indent-increase-B6c52pqf.js                      0.33 kB │ gzip:   0.24 kB │ map:     1.23 kB
dist/assets/utensils-DrOu9STO.js                                  0.33 kB │ gzip:   0.26 kB │ map:     1.12 kB
dist/assets/circle-ellipsis-eyoQ7XKr.js                           0.33 kB │ gzip:   0.24 kB │ map:     1.24 kB
dist/assets/list-filter-BOx8tW9q.js                               0.33 kB │ gzip:   0.27 kB │ map:     1.09 kB
dist/assets/align-horizontal-space-around-bwAYKdH2.js             0.34 kB │ gzip:   0.26 kB │ map:     1.27 kB
dist/assets/bed-single-wA4QaLB5.js                                0.34 kB │ gzip:   0.25 kB │ map:     1.12 kB
dist/assets/circle-user-DO38M60w.js                               0.34 kB │ gzip:   0.26 kB │ map:     1.18 kB
dist/assets/refrigerator-BG9fYxJs.js                              0.34 kB │ gzip:   0.25 kB │ map:     1.15 kB
dist/assets/smartphone-zkhAIn1Q.js                                0.34 kB │ gzip:   0.28 kB │ map:     1.10 kB
dist/assets/tablets-DZQoyEhZ.js                                   0.34 kB │ gzip:   0.26 kB │ map:     1.23 kB
dist/assets/text-cursor-DacRzzNW.js                               0.34 kB │ gzip:   0.25 kB │ map:     1.13 kB
dist/assets/ticket-check-0-TMgfyV.js                              0.34 kB │ gzip:   0.26 kB │ map:     1.11 kB
dist/assets/ticket-slash-0LOgmxI5.js                              0.34 kB │ gzip:   0.26 kB │ map:     1.11 kB
dist/assets/barcode-B2n-ePkG.js                                   0.34 kB │ gzip:   0.23 kB │ map:     1.23 kB
dist/assets/info-BHB-83EA.js                                      0.34 kB │ gzip:   0.27 kB │ map:     1.08 kB
dist/assets/person-standing-wlVZzUhj.js                           0.34 kB │ gzip:   0.26 kB │ map:     1.24 kB
dist/assets/badge-BLoKRxDb.js                                     0.34 kB │ gzip:   0.25 kB │ map:     1.01 kB
dist/assets/clock-alert-BSkmoDBO.js                               0.34 kB │ gzip:   0.26 kB │ map:     1.19 kB
dist/assets/columns-4-B6xlC6RV.js                                 0.34 kB │ gzip:   0.26 kB │ map:     1.24 kB
dist/assets/square-user-round-BHyQtdJJ.js                         0.34 kB │ gzip:   0.28 kB │ map:     1.24 kB
dist/assets/tornado-CcupDR9W.js                                   0.34 kB │ gzip:   0.25 kB │ map:     1.23 kB
dist/assets/lock-Cc3mNdEd.js                                      0.34 kB │ gzip:   0.28 kB │ map:     1.07 kB
dist/assets/signal-BgHifVyN.js                                    0.34 kB │ gzip:   0.25 kB │ map:     1.23 kB
dist/assets/square-kanban-CZc0BMEE.js                             0.34 kB │ gzip:   0.26 kB │ map:     1.26 kB
dist/assets/tally-5-7faLviGr.js                                   0.34 kB │ gzip:   0.23 kB │ map:     1.23 kB
dist/assets/axis-3d-DKfvxKzr.js                                   0.34 kB │ gzip:   0.26 kB │ map:     1.18 kB
dist/assets/case-lower-O8D0hCnK.js                                0.34 kB │ gzip:   0.25 kB │ map:     1.24 kB
dist/assets/dice-3-CpDS2BoH.js                                    0.34 kB │ gzip:   0.26 kB │ map:     1.24 kB
dist/assets/rectangle-goggles-6KH4d9qc.js                         0.34 kB │ gzip:   0.26 kB │ map:     1.07 kB
dist/assets/scroll-CiPJUuFL.js                                    0.34 kB │ gzip:   0.26 kB │ map:     1.08 kB
dist/assets/square-pause-DNKbpbRp.js                              0.34 kB │ gzip:   0.26 kB │ map:     1.28 kB
dist/assets/trello-BZrWBNbG.js                                    0.34 kB │ gzip:   0.25 kB │ map:     1.26 kB
dist/assets/chart-bar-decreasing-WUdBddwM.js                      0.34 kB │ gzip:   0.25 kB │ map:     1.24 kB
dist/assets/chart-bar-increasing-6yJ34BTF.js                      0.34 kB │ gzip:   0.25 kB │ map:     1.24 kB
dist/assets/navigation-off-DE8VRncZ.js                            0.34 kB │ gzip:   0.27 kB │ map:     1.19 kB
dist/assets/tree-deciduous-BnER9d7u.js                            0.34 kB │ gzip:   0.27 kB │ map:     1.12 kB
dist/assets/balloon-DxTHDaFK.js                                   0.34 kB │ gzip:   0.26 kB │ map:     1.12 kB
dist/assets/bluetooth-connected-D1dyuzD3.js                       0.34 kB │ gzip:   0.26 kB │ map:     1.26 kB
dist/assets/closed-caption-VQnYWRhr.js                            0.34 kB │ gzip:   0.26 kB │ map:     1.21 kB
dist/assets/list-plus-DSNnUhqb.js                                 0.34 kB │ gzip:   0.24 kB │ map:     1.25 kB
dist/assets/redo-2-DRHZshO-.js                                    0.34 kB │ gzip:   0.28 kB │ map:     1.01 kB
dist/assets/align-end-vertical-CvK1EUSQ.js                        0.34 kB │ gzip:   0.25 kB │ map:     1.28 kB
dist/assets/repeat-BPTDmTmc.js                                    0.34 kB │ gzip:   0.26 kB │ map:     1.18 kB
dist/assets/undo-2-ZlIXiNdF.js                                    0.34 kB │ gzip:   0.27 kB │ map:     1.01 kB
dist/assets/award-QoHO0L75.js                                     0.34 kB │ gzip:   0.28 kB │ map:     1.11 kB
dist/assets/book-text-D_KBMosM.js                                 0.34 kB │ gzip:   0.26 kB │ map:     1.16 kB
dist/assets/circle-x-C-GXnJRB.js                                  0.34 kB │ gzip:   0.27 kB │ map:     1.11 kB
dist/assets/lock-keyhole-open-CQcHkV3Y.js                         0.34 kB │ gzip:   0.28 kB │ map:     1.25 kB
dist/assets/navigation-2-off-9CUCyLg7.js                          0.34 kB │ gzip:   0.27 kB │ map:     1.20 kB
dist/assets/book-plus-CzVFoi0h.js                                 0.34 kB │ gzip:   0.26 kB │ map:     1.16 kB
dist/assets/map-pin-minus-inside-CjNLeVyl.js                      0.34 kB │ gzip:   0.27 kB │ map:     1.15 kB
dist/assets/radio-receiver-BkjtSqjV.js                            0.34 kB │ gzip:   0.26 kB │ map:     1.27 kB
dist/assets/speaker-C7PqU49U.js                                   0.34 kB │ gzip:   0.27 kB │ map:     1.26 kB
dist/assets/square-user-D_fOeVfW.js                               0.34 kB │ gzip:   0.27 kB │ map:     1.22 kB
dist/assets/timer-reset-D7cE6WsO.js                               0.34 kB │ gzip:   0.26 kB │ map:     1.20 kB
dist/assets/user-round-plus-Bq1nYjoV.js                           0.34 kB │ gzip:   0.27 kB │ map:     1.25 kB
dist/assets/align-start-vertical-Do3cgEa2.js                      0.35 kB │ gzip:   0.25 kB │ map:     1.29 kB
dist/assets/bolt-BUo7uiku.js                                      0.35 kB │ gzip:   0.27 kB │ map:     1.10 kB
dist/assets/book-x-YG6NjzoA.js                                    0.35 kB │ gzip:   0.27 kB │ map:     1.14 kB
dist/assets/list-x-Bsa-Vjsw.js                                    0.35 kB │ gzip:   0.25 kB │ map:     1.24 kB
dist/assets/mail-J8kfrAC7.js                                      0.35 kB │ gzip:   0.29 kB │ map:     1.06 kB
dist/assets/repeat-2-DUXiwCr4.js                                  0.35 kB │ gzip:   0.26 kB │ map:     1.19 kB
dist/assets/square-library-FUgiGXtA.js                            0.35 kB │ gzip:   0.26 kB │ map:     1.27 kB
dist/assets/test-tube-diagonal-BnPXq5lk.js                        0.35 kB │ gzip:   0.27 kB │ map:     1.19 kB
dist/assets/text-align-start-C-EHiBr4.js                          0.35 kB │ gzip:   0.27 kB │ map:     1.13 kB
dist/assets/trending-up-down-OD6DTAKT.js                          0.35 kB │ gzip:   0.26 kB │ map:     1.23 kB
dist/assets/align-end-horizontal-COCC7Vtv.js                      0.35 kB │ gzip:   0.26 kB │ map:     1.29 kB
dist/assets/app-window-mac-94AiTAXV.js                            0.35 kB │ gzip:   0.26 kB │ map:     1.27 kB
dist/assets/battery-medium-CngnGPi9.js                            0.35 kB │ gzip:   0.26 kB │ map:     1.27 kB
dist/assets/bomb-CN8PIwda.js                                      0.35 kB │ gzip:   0.28 kB │ map:     1.17 kB
dist/assets/chart-pie-Gs-A8fIB.js                                 0.35 kB │ gzip:   0.28 kB │ map:     1.10 kB
dist/assets/folder-minus-BppvHVNw.js                              0.35 kB │ gzip:   0.27 kB │ map:     1.11 kB
dist/assets/monitor-check-ByBb108B.js                             0.35 kB │ gzip:   0.27 kB │ map:     1.27 kB
dist/assets/signpost-big-CGK3GJoy.js                              0.35 kB │ gzip:   0.27 kB │ map:     1.21 kB
dist/assets/umbrella-CWBc-0GY.js                                  0.35 kB │ gzip:   0.27 kB │ map:     1.16 kB
dist/assets/book-up-DwNIX1Ju.js                                   0.35 kB │ gzip:   0.27 kB │ map:     1.15 kB
dist/assets/clock-plus-BB22Hyvz.js                                0.35 kB │ gzip:   0.26 kB │ map:     1.20 kB
dist/assets/ice-cream-cone-M6DirR2E.js                            0.35 kB │ gzip:   0.26 kB │ map:     1.16 kB
dist/assets/lock-open-Bt3QlIE2.js                                 0.35 kB │ gzip:   0.29 kB │ map:     1.10 kB
dist/assets/search-code-BhPwv6JV.js                               0.35 kB │ gzip:   0.27 kB │ map:     1.23 kB
dist/assets/square-arrow-out-up-left-CQLgRc_-.js                  0.35 kB │ gzip:   0.26 kB │ map:     1.20 kB
dist/assets/square-percent-CYUpwDpq.js                            0.35 kB │ gzip:   0.27 kB │ map:     1.27 kB
dist/assets/square-pi-BlkAGTtE.js                                 0.35 kB │ gzip:   0.27 kB │ map:     1.25 kB
dist/assets/square-play-DJTd8jeE.js                               0.35 kB │ gzip:   0.28 kB │ map:     1.17 kB
dist/assets/table-properties-B2TSVuXm.js                          0.35 kB │ gzip:   0.27 kB │ map:     1.28 kB
dist/assets/book-a-BZ9pNQBv.js                                    0.35 kB │ gzip:   0.27 kB │ map:     1.15 kB
dist/assets/chart-bar-big-D9v13s0q.js                             0.35 kB │ gzip:   0.26 kB │ map:     1.26 kB
dist/assets/coins-zNBXRYWh.js                                     0.35 kB │ gzip:   0.28 kB │ map:     1.21 kB
dist/assets/volume-XZUHY4gR.js                                    0.35 kB │ gzip:   0.28 kB │ map:     1.03 kB
dist/assets/wifi-BS1sBiY_.js                                      0.35 kB │ gzip:   0.26 kB │ map:     1.17 kB
dist/assets/align-start-horizontal-Ccdngahv.js                    0.35 kB │ gzip:   0.25 kB │ map:     1.31 kB
dist/assets/book-alert-B5HfpLZp.js                                0.35 kB │ gzip:   0.26 kB │ map:     1.17 kB
dist/assets/braces-DpIqWu2d.js                                    0.35 kB │ gzip:   0.26 kB │ map:     1.11 kB
dist/assets/chart-column-decreasing-BTtISEpa.js                   0.35 kB │ gzip:   0.26 kB │ map:     1.26 kB
dist/assets/chart-column-increasing-B2sTBPvK.js                   0.35 kB │ gzip:   0.26 kB │ map:     1.26 kB
dist/assets/moon-B9ss2TfK.js                                      0.35 kB │ gzip:   0.29 kB │ map:     0.98 kB
dist/assets/square-chart-gantt-BIczXL-7.js                        0.35 kB │ gzip:   0.27 kB │ map:     1.29 kB
dist/assets/table-cells-split-GweJC7EJ.js                         0.35 kB │ gzip:   0.26 kB │ map:     1.29 kB
dist/assets/form-BWP2ddtW.js                                      0.35 kB │ gzip:   0.26 kB │ map:     1.28 kB
dist/assets/map-pin-check-inside-C1UmhguX.js                      0.35 kB │ gzip:   0.28 kB │ map:     1.16 kB
dist/assets/pilcrow-DMiXqMTk.js                                   0.35 kB │ gzip:   0.27 kB │ map:     1.09 kB
dist/assets/rotate-cw-square-kYjJXTYn.js                          0.35 kB │ gzip:   0.26 kB │ map:     1.17 kB
dist/assets/scale-3d-DTqjU6-o.js                                  0.35 kB │ gzip:   0.27 kB │ map:     1.25 kB
dist/assets/square-dashed-bottom-Dufcrptj.js                      0.35 kB │ gzip:   0.25 kB │ map:     1.20 kB
dist/assets/book-down-BFDnEFky.js                                 0.35 kB │ gzip:   0.27 kB │ map:     1.17 kB
dist/assets/bookmark-minus-DXk-doyC.js                            0.35 kB │ gzip:   0.27 kB │ map:     1.13 kB
dist/assets/receipt-euro-BKJVyBrx.js                              0.35 kB │ gzip:   0.26 kB │ map:     1.17 kB
dist/assets/rewind-BUf3bl_t.js                                    0.35 kB │ gzip:   0.24 kB │ map:     1.09 kB
dist/assets/square-asterisk-Bl52KK2s.js                           0.35 kB │ gzip:   0.27 kB │ map:     1.28 kB
dist/assets/wine-DnfBc05d.js                                      0.35 kB │ gzip:   0.26 kB │ map:     1.19 kB
dist/assets/a-arrow-up-D-CAUBqx.js                                0.35 kB │ gzip:   0.27 kB │ map:     1.20 kB
dist/assets/between-vertical-end-BI1ubyl7.js                      0.35 kB │ gzip:   0.26 kB │ map:     1.30 kB
dist/assets/eraser-CSf_iyGh.js                                    0.35 kB │ gzip:   0.27 kB │ map:     1.09 kB
dist/assets/folder-check-BSSU4Jh5.js                              0.35 kB │ gzip:   0.27 kB │ map:     1.12 kB
dist/assets/list-filter-plus-r0-9LEoN.js                          0.35 kB │ gzip:   0.25 kB │ map:     1.29 kB
dist/assets/mail-minus-7TRb-AzI.js                                0.35 kB │ gzip:   0.28 kB │ map:     1.14 kB
dist/assets/power-off-YdXoJoey.js                                 0.35 kB │ gzip:   0.27 kB │ map:     1.20 kB
dist/assets/type-ChjbxAhu.js                                      0.35 kB │ gzip:   0.28 kB │ map:     1.07 kB
dist/assets/chart-column-big-C0f1DIBt.js                          0.35 kB │ gzip:   0.27 kB │ map:     1.28 kB
dist/assets/git-branch-minus-BiEi4C29.js                          0.35 kB │ gzip:   0.27 kB │ map:     1.29 kB
dist/assets/lamp-floor-CuMmeMN6.js                                0.35 kB │ gzip:   0.27 kB │ map:     1.17 kB
dist/assets/rotate-ccw-square-kH3fE_UV.js                         0.35 kB │ gzip:   0.26 kB │ map:     1.18 kB
dist/assets/square-arrow-out-down-left-Ndwun-Mb.js                0.35 kB │ gzip:   0.26 kB │ map:     1.21 kB
dist/assets/square-function-Cfjfnea3.js                           0.35 kB │ gzip:   0.28 kB │ map:     1.24 kB
dist/assets/cloud-rain-B9_ZTpUs.js                                0.35 kB │ gzip:   0.26 kB │ map:     1.20 kB
dist/assets/list-music-s0KNtnuN.js                                0.35 kB │ gzip:   0.26 kB │ map:     1.29 kB
dist/assets/plug-B1ccrQcT.js                                      0.35 kB │ gzip:   0.26 kB │ map:     1.19 kB
dist/assets/receipt-cent-VdCGv4Y_.js                              0.35 kB │ gzip:   0.26 kB │ map:     1.17 kB
dist/assets/rows-3-Bhc8vjss.js                                    0.35 kB │ gzip:   0.28 kB │ map:     1.14 kB
dist/assets/user-search-CKj-xMdn.js                               0.35 kB │ gzip:   0.27 kB │ map:     1.27 kB
dist/assets/circle-pound-sterling-DOVLKxe2.js                     0.36 kB │ gzip:   0.27 kB │ map:     1.29 kB
dist/assets/drumstick-C8s4X5Aq.js                                 0.36 kB │ gzip:   0.28 kB │ map:     1.13 kB
dist/assets/grid-2x2-x-D-sZ_fJR.js                                0.36 kB │ gzip:   0.26 kB │ map:     1.17 kB
dist/assets/inbox-BE5OnOce.js                                     0.36 kB │ gzip:   0.28 kB │ map:     1.09 kB
dist/assets/shirt-cb__x4ii.js                                     0.36 kB │ gzip:   0.28 kB │ map:     1.03 kB
dist/assets/sticky-note-B-1tUVcc.js                               0.36 kB │ gzip:   0.27 kB │ map:     1.12 kB
dist/assets/a-arrow-down-BKfhJntq.js                              0.36 kB │ gzip:   0.28 kB │ map:     1.22 kB
dist/assets/between-vertical-start-DI_zJXHJ.js                    0.36 kB │ gzip:   0.26 kB │ map:     1.32 kB
dist/assets/bike-DpwiD8iQ.js                                      0.36 kB │ gzip:   0.26 kB │ map:     1.26 kB
dist/assets/bookmark-check-ml0BTq6i.js                            0.36 kB │ gzip:   0.28 kB │ map:     1.14 kB
dist/assets/heading-4-8guIQY7Q.js                                 0.36 kB │ gzip:   0.26 kB │ map:     1.26 kB
dist/assets/wallet-DPs2KiId.js                                    0.36 kB │ gzip:   0.26 kB │ map:     1.10 kB
dist/assets/between-horizontal-end-t_DiYyju.js                    0.36 kB │ gzip:   0.26 kB │ map:     1.32 kB
dist/assets/clock-arrow-down-x1UJEX30.js                          0.36 kB │ gzip:   0.27 kB │ map:     1.24 kB
dist/assets/ligature-DocR8as1.js                                  0.36 kB │ gzip:   0.26 kB │ map:     1.26 kB
dist/assets/message-square-dot-BAXfbsfX.js                        0.36 kB │ gzip:   0.29 kB │ map:     1.18 kB
dist/assets/rectangle-ellipsis-DnfrcGet.js                        0.36 kB │ gzip:   0.26 kB │ map:     1.30 kB
dist/assets/scaling-emun37Oo.js                                   0.36 kB │ gzip:   0.26 kB │ map:     1.19 kB
dist/assets/scan-B4CNhZaH.js                                      0.36 kB │ gzip:   0.26 kB │ map:     1.19 kB
dist/assets/settings.general-D6bD1VVf.js                          0.36 kB │ gzip:   0.29 kB │ map:     1.01 kB
dist/assets/shrub-C6gkIwFR.js                                     0.36 kB │ gzip:   0.28 kB │ map:     1.13 kB
dist/assets/arrow-big-up-MjkveFpk.js                              0.36 kB │ gzip:   0.26 kB │ map:     1.06 kB
dist/assets/bell-CAcHt75w.js                                      0.36 kB │ gzip:   0.29 kB │ map:     1.09 kB
dist/assets/disc-3-BeNe9wLJ.js                                    0.36 kB │ gzip:   0.27 kB │ map:     1.25 kB
dist/assets/folder-dot-CZrRzfyu.js                                0.36 kB │ gzip:   0.28 kB │ map:     1.14 kB
dist/assets/grid-2x2-plus-BnY1IlvM.js                             0.36 kB │ gzip:   0.26 kB │ map:     1.19 kB
dist/assets/mail-check-BsPU_mtA.js                                0.36 kB │ gzip:   0.28 kB │ map:     1.15 kB
dist/assets/square-arrow-out-down-right-BjNVs8Qi.js               0.36 kB │ gzip:   0.26 kB │ map:     1.22 kB
dist/assets/align-vertical-justify-end-BHscbbOY.js                0.36 kB │ gzip:   0.27 kB │ map:     1.33 kB
dist/assets/between-horizontal-start-BKB1N9Wi.js                  0.36 kB │ gzip:   0.26 kB │ map:     1.33 kB
dist/assets/clock-arrow-up-CDryRWoK.js                            0.36 kB │ gzip:   0.27 kB │ map:     1.23 kB
dist/assets/computer-JmJX21LP.js                                  0.36 kB │ gzip:   0.26 kB │ map:     1.31 kB
dist/assets/copy-check-7o9PD6Fm.js                                0.36 kB │ gzip:   0.29 kB │ map:     1.22 kB
dist/assets/tangent-CjYtwTu_.js                                   0.36 kB │ gzip:   0.27 kB │ map:     1.25 kB
dist/assets/git-compare-CCnx9obs.js                               0.36 kB │ gzip:   0.26 kB │ map:     1.27 kB
dist/assets/glass-water-BuZRmEKr.js                               0.36 kB │ gzip:   0.28 kB │ map:     1.12 kB
dist/assets/toy-brick--x9SVgcW.js                                 0.36 kB │ gzip:   0.27 kB │ map:     1.20 kB
dist/assets/wind-arrow-down-Dfo8iNWf.js                           0.36 kB │ gzip:   0.27 kB │ map:     1.24 kB
dist/assets/arrow-big-down-D_gWF1TM.js                            0.36 kB │ gzip:   0.27 kB │ map:     1.08 kB
dist/assets/fast-forward-AxkZwkrd.js                              0.36 kB │ gzip:   0.25 kB │ map:     1.13 kB
dist/assets/list-end-CIv6u0Ir.js                                  0.36 kB │ gzip:   0.26 kB │ map:     1.26 kB
dist/assets/meh-D0ZyR1_O.js                                       0.36 kB │ gzip:   0.26 kB │ map:     1.33 kB
dist/assets/radius-HQYwI_It.js                                    0.36 kB │ gzip:   0.27 kB │ map:     1.25 kB
dist/assets/align-vertical-justify-start-BHKkxzQm.js              0.36 kB │ gzip:   0.26 kB │ map:     1.35 kB
dist/assets/circle-arrow-up-kT0Pa2jA.js                           0.36 kB │ gzip:   0.28 kB │ map:     1.17 kB
dist/assets/decimals-arrow-left-GHaEC30H.js                       0.36 kB │ gzip:   0.28 kB │ map:     1.31 kB
dist/assets/diamond-minus-sdXWZllq.js                             0.36 kB │ gzip:   0.26 kB │ map:     1.14 kB
dist/assets/egg-off-0Ihy9Zef.js                                   0.36 kB │ gzip:   0.28 kB │ map:     1.14 kB
dist/assets/ellipsis-6x3R4_IB.js                                  0.36 kB │ gzip:   0.26 kB │ map:     1.19 kB
dist/assets/folder-CMIvEUJv.js                                    0.36 kB │ gzip:   0.28 kB │ map:     1.00 kB
dist/assets/list-collapse-YklKTLt4.js                             0.36 kB │ gzip:   0.25 kB │ map:     1.29 kB
dist/assets/mail-open-Cydo627M.js                                 0.36 kB │ gzip:   0.28 kB │ map:     1.12 kB
dist/assets/smile-DIkw4qTo.js                                     0.36 kB │ gzip:   0.27 kB │ map:     1.30 kB
dist/assets/align-horizontal-justify-end-6y1Myddu.js              0.36 kB │ gzip:   0.26 kB │ map:     1.35 kB
dist/assets/arrow-big-left-DxsztBED.js                            0.36 kB │ gzip:   0.27 kB │ map:     1.08 kB
dist/assets/fishing-hook-C3Q6-YNO.js                              0.36 kB │ gzip:   0.29 kB │ map:     1.22 kB
dist/assets/receipt-DFwhfx-V.js                                   0.36 kB │ gzip:   0.26 kB │ map:     1.16 kB
dist/assets/satellite-dish-Dm2lvd6z.js                            0.36 kB │ gzip:   0.27 kB │ map:     1.24 kB
dist/assets/tablet-smartphone-DUlBLKvc.js                         0.36 kB │ gzip:   0.28 kB │ map:     1.24 kB
dist/assets/ticket-plus-CC292exH.js                               0.36 kB │ gzip:   0.26 kB │ map:     1.19 kB
dist/assets/frown-BFHNp8ek.js                                     0.36 kB │ gzip:   0.27 kB │ map:     1.30 kB
dist/assets/hash-Bq5YyPAo.js                                      0.36 kB │ gzip:   0.25 kB │ map:     1.35 kB
dist/assets/heading-6-Bpa20EMm.js                                 0.36 kB │ gzip:   0.27 kB │ map:     1.30 kB
dist/assets/list-start-BU6vYK6n.js                                0.36 kB │ gzip:   0.26 kB │ map:     1.28 kB
dist/assets/pill-bottle-D9-FmDtb.js                               0.36 kB │ gzip:   0.28 kB │ map:     1.21 kB
dist/assets/send-horizontal-DFSX62Nq.js                           0.36 kB │ gzip:   0.28 kB │ map:     1.15 kB
dist/assets/upload-D9-Kv89Z.js                                    0.36 kB │ gzip:   0.29 kB │ map:     1.10 kB
dist/assets/variable-DZdCX41b.js                                  0.36 kB │ gzip:   0.27 kB │ map:     1.29 kB
dist/assets/align-vertical-justify-center-7EDBJaQE.js             0.37 kB │ gzip:   0.27 kB │ map:     1.35 kB
dist/assets/arrow-big-right-Ccvl8tFt.js                           0.37 kB │ gzip:   0.27 kB │ map:     1.09 kB
dist/assets/frame-Bs1TbDNP.js                                     0.37 kB │ gzip:   0.25 kB │ map:     1.36 kB
dist/assets/git-merge-C47N_dux.js                                 0.37 kB │ gzip:   0.28 kB │ map:     1.17 kB
dist/assets/layout-template-CFDY9RQ5.js                           0.37 kB │ gzip:   0.25 kB │ map:     1.35 kB
dist/assets/log-in-BpPtfyCd.js                                    0.37 kB │ gzip:   0.28 kB │ map:     1.10 kB
dist/assets/minimize-DQfZ7BjJ.js                                  0.37 kB │ gzip:   0.26 kB │ map:     1.21 kB
dist/assets/settings.appearance-CEhObM4E.js                       0.37 kB │ gzip:   0.29 kB │ map:     1.04 kB
dist/assets/align-horizontal-justify-start-D0ikWCkT.js            0.37 kB │ gzip:   0.26 kB │ map:     1.36 kB
dist/assets/bookmark-HM-xwl47.js                                  0.37 kB │ gzip:   0.29 kB │ map:     1.02 kB
dist/assets/linkedin-DwZhwt6h.js                                  0.37 kB │ gzip:   0.29 kB │ map:     1.25 kB
dist/assets/monitor-stop-P5w2n1wi.js                              0.37 kB │ gzip:   0.27 kB │ map:     1.34 kB
dist/assets/remove-formatting-BedAcL11.js                         0.37 kB │ gzip:   0.26 kB │ map:     1.31 kB
dist/assets/turntable-DiX4G4NY.js                                 0.37 kB │ gzip:   0.29 kB │ map:     1.30 kB
dist/assets/grid-3x3-CvtK9ouD.js                                  0.37 kB │ gzip:   0.26 kB │ map:     1.32 kB
dist/assets/indian-rupee-DOYmVYKw.js                              0.37 kB │ gzip:   0.26 kB │ map:     1.29 kB
dist/assets/layout-panel-top-CdoS1LhF.js                          0.37 kB │ gzip:   0.24 kB │ map:     1.35 kB
dist/assets/moon-star-DTnZtDa2.js                                 0.37 kB │ gzip:   0.28 kB │ map:     1.18 kB
dist/assets/square-pilcrow-BWrcyBPh.js                            0.37 kB │ gzip:   0.28 kB │ map:     1.30 kB
dist/assets/user-round-search-DxM7LYbu.js                         0.37 kB │ gzip:   0.28 kB │ map:     1.31 kB
dist/assets/arrow-up-narrow-wide-DpJPeefJ.js                      0.37 kB │ gzip:   0.26 kB │ map:     1.33 kB
dist/assets/arrow-up-wide-narrow-xMzYStWm.js                      0.37 kB │ gzip:   0.25 kB │ map:     1.33 kB
dist/assets/bone-BJw1Hs28.js                                      0.37 kB │ gzip:   0.27 kB │ map:     1.04 kB
dist/assets/book-user-Cb9YAfNK.js                                 0.37 kB │ gzip:   0.29 kB │ map:     1.21 kB
dist/assets/copy-CoM62e83.js                                      0.37 kB │ gzip:   0.30 kB │ map:     1.10 kB
dist/assets/layout-panel-left-BHTMLXIS.js                         0.37 kB │ gzip:   0.25 kB │ map:     1.36 kB
dist/assets/link-2-off-m_mqxwiz.js                                0.37 kB │ gzip:   0.27 kB │ map:     1.30 kB
dist/assets/spade-Cdnrph7r.js                                     0.37 kB │ gzip:   0.29 kB │ map:     1.10 kB
dist/assets/ticket-x-D1uikWA-.js                                  0.37 kB │ gzip:   0.27 kB │ map:     1.18 kB
dist/assets/align-horizontal-justify-center-CG6wjLgg.js           0.37 kB │ gzip:   0.27 kB │ map:     1.38 kB
dist/assets/bean-BCTNzIEO.js                                      0.37 kB │ gzip:   0.30 kB │ map:     1.10 kB
dist/assets/git-pull-request-DXO73tJv.js                          0.37 kB │ gzip:   0.28 kB │ map:     1.35 kB
dist/assets/headset-C5VlPzHN.js                                   0.37 kB │ gzip:   0.27 kB │ map:     1.12 kB
dist/assets/instagram-CU3oWIfl.js                                 0.37 kB │ gzip:   0.29 kB │ map:     1.27 kB
dist/assets/list-tree-D2bKiQUQ.js                                 0.37 kB │ gzip:   0.25 kB │ map:     1.28 kB
dist/assets/pilcrow-left-DTXFrXQ4.js                              0.37 kB │ gzip:   0.26 kB │ map:     1.29 kB
dist/assets/shopping-cart-C8brBsGW.js                             0.37 kB │ gzip:   0.28 kB │ map:     1.26 kB
dist/assets/activity-C1Y3O_v1.js                                  0.37 kB │ gzip:   0.30 kB │ map:     1.02 kB
dist/assets/arrows-up-from-line-C0V89x9C.js                       0.37 kB │ gzip:   0.25 kB │ map:     1.32 kB
dist/assets/case-sensitive-kwvRvtpz.js                            0.37 kB │ gzip:   0.29 kB │ map:     1.27 kB
dist/assets/egg-fried-D7mjrrjU.js                                 0.37 kB │ gzip:   0.29 kB │ map:     1.15 kB
dist/assets/feather-JVrd39l5.js                                   0.37 kB │ gzip:   0.28 kB │ map:     1.18 kB
dist/assets/list-DksAQev1.js                                      0.37 kB │ gzip:   0.24 kB │ map:     1.31 kB
dist/assets/paperclip-BCpF_jt0.js                                 0.37 kB │ gzip:   0.29 kB │ map:     1.03 kB
dist/assets/venus-and-mars-CGlTitcK.js                            0.37 kB │ gzip:   0.27 kB │ map:     1.33 kB
dist/assets/arrow-down-narrow-wide-D2V7OjId.js                    0.37 kB │ gzip:   0.25 kB │ map:     1.34 kB
dist/assets/arrow-down-wide-narrow-Do3tJatx.js                    0.37 kB │ gzip:   0.25 kB │ map:     1.34 kB
dist/assets/bed-double-DPgbLj67.js                                0.37 kB │ gzip:   0.26 kB │ map:     1.22 kB
dist/assets/cloud-rain-wind-Yk80ecwo.js                           0.37 kB │ gzip:   0.27 kB │ map:     1.25 kB
dist/assets/pilcrow-right-RI8DP_VY.js                             0.37 kB │ gzip:   0.27 kB │ map:     1.30 kB
dist/assets/calendar-1-D55uRg-j.js                                0.37 kB │ gzip:   0.27 kB │ map:     1.34 kB
dist/assets/copy-minus-RLYD-Kct.js                                0.37 kB │ gzip:   0.30 kB │ map:     1.27 kB
dist/assets/copy-slash-BKYDLg_3.js                                0.37 kB │ gzip:   0.30 kB │ map:     1.27 kB
dist/assets/history-B22_6xEN.js                                   0.37 kB │ gzip:   0.29 kB │ map:     1.11 kB
dist/assets/cloud-off-DwGsKLQ4.js                                 0.37 kB │ gzip:   0.28 kB │ map:     1.16 kB
dist/assets/delete-BpmIs-5G.js                                    0.37 kB │ gzip:   0.28 kB │ map:     1.18 kB
dist/assets/list-chevrons-down-up-Cda5LtOo.js                     0.37 kB │ gzip:   0.25 kB │ map:     1.34 kB
dist/assets/list-chevrons-up-down-13yBZjgj.js                     0.37 kB │ gzip:   0.25 kB │ map:     1.34 kB
dist/assets/mails-DGqn2nP3.js                                     0.37 kB │ gzip:   0.29 kB │ map:     1.20 kB
dist/assets/receipt-russian-ruble-y-oKpvPC.js                     0.37 kB │ gzip:   0.26 kB │ map:     1.23 kB
dist/assets/zoom-in-CCmibjiP.js                                   0.37 kB │ gzip:   0.26 kB │ map:     1.36 kB
dist/assets/bubbles-Rwc4tirn.js                                   0.37 kB │ gzip:   0.27 kB │ map:     1.30 kB
dist/assets/coffee-D0_KCFKP.js                                    0.37 kB │ gzip:   0.26 kB │ map:     1.24 kB
dist/assets/monitor-cloud-DkHTYOv_.js                             0.37 kB │ gzip:   0.29 kB │ map:     1.30 kB
dist/assets/presentation-DvMc9hxG.js                              0.37 kB │ gzip:   0.29 kB │ map:     1.15 kB
dist/assets/shrink-DI2fxBHC.js                                    0.37 kB │ gzip:   0.28 kB │ map:     1.21 kB
dist/assets/video-off-DPQ87gAn.js                                 0.37 kB │ gzip:   0.28 kB │ map:     1.17 kB
dist/assets/globe-BygqUCSx.js                                     0.38 kB │ gzip:   0.29 kB │ map:     1.13 kB
dist/assets/monitor-dot-CCgPOV96.js                               0.38 kB │ gzip:   0.28 kB │ map:     1.27 kB
dist/assets/plane-DN27-DoF.js                                     0.38 kB │ gzip:   0.30 kB │ map:     1.05 kB
dist/assets/subscript-DLB2ylcG.js                                 0.38 kB │ gzip:   0.29 kB │ map:     1.19 kB
dist/assets/thumbs-up-DJff10pG.js                                 0.38 kB │ gzip:   0.29 kB │ map:     1.13 kB
dist/assets/dice-4-B666rBWf.js                                    0.38 kB │ gzip:   0.26 kB │ map:     1.34 kB
dist/assets/folder-symlink-3B9hmjYR.js                            0.38 kB │ gzip:   0.27 kB │ map:     1.16 kB
dist/assets/forklift-Dz4B4LqW.js                                  0.38 kB │ gzip:   0.29 kB │ map:     1.28 kB
dist/assets/link-2-B_p2EG7Q.js                                    0.38 kB │ gzip:   0.30 kB │ map:     1.15 kB
dist/assets/maximize-2-CHT2IkVy.js                                0.38 kB │ gzip:   0.28 kB │ map:     1.19 kB
dist/assets/milestone-8Q7R8IM6.js                                 0.38 kB │ gzip:   0.27 kB │ map:     1.19 kB
dist/assets/user-x-BSALEUMu.js                                    0.38 kB │ gzip:   0.28 kB │ map:     1.32 kB
dist/assets/FormContext-CE8-tHgT.js                               0.38 kB │ gzip:   0.28 kB │ map:     1.13 kB
dist/assets/battery-full-ClLpQcUp.js                              0.38 kB │ gzip:   0.27 kB │ map:     1.35 kB
dist/assets/clipboard-minus-LnffZy1E.js                           0.38 kB │ gzip:   0.28 kB │ map:     1.29 kB
dist/assets/cross-CT5DCSlp.js                                     0.38 kB │ gzip:   0.25 kB │ map:     1.05 kB
dist/assets/laugh-fnp-S4an.js                                     0.38 kB │ gzip:   0.28 kB │ map:     1.32 kB
dist/assets/monitor-up-BLAwxHfI.js                                0.38 kB │ gzip:   0.28 kB │ map:     1.34 kB
dist/assets/brush-BzU5crmc.js                                     0.38 kB │ gzip:   0.29 kB │ map:     1.16 kB
dist/assets/flame-kindling-DID3fW6u.js                            0.38 kB │ gzip:   0.29 kB │ map:     1.22 kB
dist/assets/joystick-BU77xwfY.js                                  0.38 kB │ gzip:   0.28 kB │ map:     1.28 kB
dist/assets/map-pin-plus-inside-aVOWZRVi.js                       0.38 kB │ gzip:   0.29 kB │ map:     1.24 kB
dist/assets/minimize-2-DOhpJbnX.js                                0.38 kB │ gzip:   0.28 kB │ map:     1.19 kB
dist/assets/monitor-pause-BoWPUL_3.js                             0.38 kB │ gzip:   0.27 kB │ map:     1.36 kB
dist/assets/mouse-off-mOp8iAU4.js                                 0.38 kB │ gzip:   0.27 kB │ map:     1.22 kB
dist/assets/receipt-turkish-lira-CVNvzwFN.js                      0.38 kB │ gzip:   0.27 kB │ map:     1.23 kB
dist/assets/thumbs-down-DVx6cFfL.js                               0.38 kB │ gzip:   0.29 kB │ map:     1.14 kB
dist/assets/ampersands-B5A7GiDY.js                                0.38 kB │ gzip:   0.25 kB │ map:     1.17 kB
dist/assets/circle-divide-DI2dvRB2.js                             0.38 kB │ gzip:   0.26 kB │ map:     1.40 kB
dist/assets/database-DipbOz0U.js                                  0.38 kB │ gzip:   0.30 kB │ map:     1.17 kB
dist/assets/panel-top-dashed-CNlF0vUh.js                          0.38 kB │ gzip:   0.27 kB │ map:     1.37 kB
dist/assets/regex-CtezYl6X.js                                     0.38 kB │ gzip:   0.27 kB │ map:     1.23 kB
dist/assets/sprout-Depd-jhH.js                                    0.38 kB │ gzip:   0.27 kB │ map:     1.18 kB
dist/assets/audio-lines-P-KzLNNI.js                               0.38 kB │ gzip:   0.26 kB │ map:     1.36 kB
dist/assets/case-upper-PCSf0lP6.js                                0.38 kB │ gzip:   0.28 kB │ map:     1.20 kB
dist/assets/chef-hat-Be_1zpQp.js                                  0.38 kB │ gzip:   0.29 kB │ map:     1.13 kB
dist/assets/ellipsis-vertical-fYTS1grT.js                         0.38 kB │ gzip:   0.27 kB │ map:     1.26 kB
dist/assets/lamp-ceiling-Bj7xGMCC.js                              0.38 kB │ gzip:   0.29 kB │ map:     1.21 kB
dist/assets/paint-roller-BQO87bE3.js                              0.38 kB │ gzip:   0.28 kB │ map:     1.29 kB
dist/assets/arrow-up-a-z-B8eVfgSX.js                              0.38 kB │ gzip:   0.28 kB │ map:     1.30 kB
dist/assets/book-audio-BvR51Dzj.js                                0.38 kB │ gzip:   0.28 kB │ map:     1.26 kB
dist/assets/monitor-x-CYxmFbAM.js                                 0.38 kB │ gzip:   0.28 kB │ map:     1.35 kB
dist/assets/panel-left-dashed-BPljIIQk.js                         0.38 kB │ gzip:   0.27 kB │ map:     1.38 kB
dist/assets/user-check-BtCtF_-l.js                                0.38 kB │ gzip:   0.30 kB │ map:     1.16 kB
dist/assets/arrow-up-z-a-bwq7jA52.js                              0.38 kB │ gzip:   0.28 kB │ map:     1.30 kB
dist/assets/calendar-minus-2-hVy0iBoT.js                          0.38 kB │ gzip:   0.27 kB │ map:     1.38 kB
dist/assets/monitor-down-DLAm6l8K.js                              0.38 kB │ gzip:   0.28 kB │ map:     1.36 kB
dist/assets/tree-pine-C33XBv5I.js                                 0.38 kB │ gzip:   0.27 kB │ map:     1.13 kB
dist/assets/apple-Dhi1qbHb.js                                     0.38 kB │ gzip:   0.28 kB │ map:     1.12 kB
dist/assets/arrow-up-0-1-Cbzb802k.js                              0.38 kB │ gzip:   0.28 kB │ map:     1.36 kB
dist/assets/arrow-up-1-0-CXllRDFn.js                              0.38 kB │ gzip:   0.28 kB │ map:     1.35 kB
dist/assets/calendar-check-DUGylPQ3.js                            0.38 kB │ gzip:   0.28 kB │ map:     1.37 kB
dist/assets/clipboard-check-DGc1jSqL.js                           0.38 kB │ gzip:   0.29 kB │ map:     1.30 kB
dist/assets/folder-up-CIc6tmKQ.js                                 0.38 kB │ gzip:   0.28 kB │ map:     1.20 kB
dist/assets/map-pin-x-inside-Bxp-FNv9.js                          0.38 kB │ gzip:   0.29 kB │ map:     1.23 kB
dist/assets/message-circle-CwQpPAbq.js                            0.38 kB │ gzip:   0.31 kB │ map:     1.07 kB
dist/assets/mouse-pointer-BOr_Xsev.js                             0.38 kB │ gzip:   0.30 kB │ map:     1.16 kB
dist/assets/scissors-tEhtiZqx.js                                  0.38 kB │ gzip:   0.27 kB │ map:     1.35 kB
dist/assets/antenna-C3F98Hv8.js                                   0.39 kB │ gzip:   0.26 kB │ map:     1.34 kB
dist/assets/book-type-Ch1RIJXJ.js                                 0.39 kB │ gzip:   0.28 kB │ map:     1.26 kB
dist/assets/bookmark-plus-C7vSbea2.js                             0.39 kB │ gzip:   0.29 kB │ map:     1.22 kB
dist/assets/folder-clock-DBEt1wPq.js                              0.39 kB │ gzip:   0.29 kB │ map:     1.25 kB
dist/assets/gavel-Bro7Y8ba.js                                     0.39 kB │ gzip:   0.28 kB │ map:     1.28 kB
dist/assets/mail-x-DOtwktKj.js                                    0.39 kB │ gzip:   0.28 kB │ map:     1.22 kB
dist/assets/repeat-1-DVAac47R.js                                  0.39 kB │ gzip:   0.27 kB │ map:     1.29 kB
dist/assets/square-terminal-CB0QR1vW.js                           0.39 kB │ gzip:   0.30 kB │ map:     1.24 kB
dist/assets/text-initial-BcLVZuYc.js                              0.39 kB │ gzip:   0.28 kB │ map:     1.31 kB
dist/assets/arrow-down-a-z-D_WxlyUl.js                            0.39 kB │ gzip:   0.28 kB │ map:     1.32 kB
dist/assets/arrow-down-up-B46gw0xW.js                             0.39 kB │ gzip:   0.28 kB │ map:     1.22 kB
dist/assets/cast-5aym_27y.js                                      0.39 kB │ gzip:   0.28 kB │ map:     1.25 kB
dist/assets/file-minus-CiRcbm8e.js                                0.39 kB │ gzip:   0.28 kB │ map:     1.21 kB
dist/assets/flag-off-DCj45DE0.js                                  0.39 kB │ gzip:   0.30 kB │ map:     1.23 kB
dist/assets/message-square-share-BJod2sRu.js                      0.39 kB │ gzip:   0.29 kB │ map:     1.26 kB
dist/assets/table-cells-merge-XnP_paIS.js                         0.39 kB │ gzip:   0.27 kB │ map:     1.39 kB
dist/assets/arrow-down-z-a-CdWlLXvx.js                            0.39 kB │ gzip:   0.28 kB │ map:     1.32 kB
dist/assets/banana-i8z_pGbN.js                                    0.39 kB │ gzip:   0.30 kB │ map:     1.13 kB
dist/assets/cloud-backup-E5y8nsYp.js                              0.39 kB │ gzip:   0.29 kB │ map:     1.22 kB
dist/assets/eye-Dh5UEUs_.js                                       0.39 kB │ gzip:   0.30 kB │ map:     1.10 kB
dist/assets/folder-x-DWSHnWcP.js                                  0.39 kB │ gzip:   0.28 kB │ map:     1.20 kB
dist/assets/gallery-thumbnails-6oexWpZd.js                        0.39 kB │ gzip:   0.27 kB │ map:     1.40 kB
dist/assets/mail-plus-BlDIP5Nf.js                                 0.39 kB │ gzip:   0.29 kB │ map:     1.23 kB
dist/assets/panel-right-dashed-7h2gLKPn.js                        0.39 kB │ gzip:   0.27 kB │ map:     1.39 kB
dist/assets/shapes-BiHFDuZD.js                                    0.39 kB │ gzip:   0.31 kB │ map:     1.27 kB
dist/assets/toilet-DKdOaNM7.js                                    0.39 kB │ gzip:   0.28 kB │ map:     1.13 kB
dist/assets/arrow-down-0-1-xRrfOXG6.js                            0.39 kB │ gzip:   0.28 kB │ map:     1.37 kB
dist/assets/arrow-down-1-0-ChP0sHn1.js                            0.39 kB │ gzip:   0.28 kB │ map:     1.37 kB
dist/assets/concierge-bell-CtQ29VYG.js                            0.39 kB │ gzip:   0.27 kB │ map:     1.28 kB
dist/assets/folder-down-DYDufOS-.js                               0.39 kB │ gzip:   0.28 kB │ map:     1.21 kB
dist/assets/fuel-CH0Zj6r5.js                                      0.39 kB │ gzip:   0.27 kB │ map:     1.23 kB
dist/assets/heart-minus-C4AYUtQQ.js                               0.39 kB │ gzip:   0.30 kB │ map:     1.15 kB
dist/assets/move-Cjk1yFjM.js                                      0.39 kB │ gzip:   0.26 kB │ map:     1.34 kB
dist/assets/book-image-D5gYQYHZ.js                                0.39 kB │ gzip:   0.30 kB │ map:     1.24 kB
dist/assets/bookmark-x-DYwHFJLI.js                                0.39 kB │ gzip:   0.29 kB │ map:     1.21 kB
dist/assets/chart-area-Ba7aHHIk.js                                0.39 kB │ gzip:   0.28 kB │ map:     1.15 kB
dist/assets/chromium-CvI58Z0o.js                                  0.39 kB │ gzip:   0.28 kB │ map:     1.35 kB
dist/assets/inspection-panel-B6pCiJFf.js                          0.39 kB │ gzip:   0.26 kB │ map:     1.39 kB
dist/assets/languages-BFrqdibc.js                                 0.39 kB │ gzip:   0.27 kB │ map:     1.36 kB
dist/assets/panel-bottom-dashed-CH82P6vZ.js                       0.39 kB │ gzip:   0.27 kB │ map:     1.40 kB
dist/assets/receipt-swiss-franc-8WVXOWA2.js                       0.39 kB │ gzip:   0.26 kB │ map:     1.30 kB
dist/assets/saudi-riyal-Zh8Nv0CY.js                               0.39 kB │ gzip:   0.29 kB │ map:     1.25 kB
dist/assets/shield-half-CwXCiCCM.js                               0.39 kB │ gzip:   0.30 kB │ map:     1.15 kB
dist/assets/circle-alert-B83jEPoh.js                              0.39 kB │ gzip:   0.28 kB │ map:     1.27 kB
dist/assets/folder-input-D-_f7kPQ.js                              0.39 kB │ gzip:   0.28 kB │ map:     1.22 kB
dist/assets/printer-CRegCsnB.js                                   0.39 kB │ gzip:   0.29 kB │ map:     1.26 kB
dist/assets/shield-minus-DW7GiGmj.js                              0.39 kB │ gzip:   0.30 kB │ map:     1.16 kB
dist/assets/signature-CPmbxGVx.js                                 0.39 kB │ gzip:   0.30 kB │ map:     1.15 kB
dist/assets/stamp-DGwjhnDW.js                                     0.39 kB │ gzip:   0.28 kB │ map:     1.19 kB
dist/assets/videotape-Be7fdx9w.js                                 0.39 kB │ gzip:   0.28 kB │ map:     1.41 kB
dist/assets/badge-check-DoPitfXN.js                               0.39 kB │ gzip:   0.27 kB │ map:     1.16 kB
dist/assets/cloud-upload-noux3Cbp.js                              0.39 kB │ gzip:   0.30 kB │ map:     1.16 kB
dist/assets/hard-hat-BwSFU9kH.js                                  0.39 kB │ gzip:   0.29 kB │ map:     1.29 kB
dist/assets/phone-BeN9Dfqr.js                                     0.39 kB │ gzip:   0.28 kB │ map:     1.06 kB
dist/assets/external-link-NWS0I_zo.js                             0.39 kB │ gzip:   0.29 kB │ map:     1.17 kB
dist/assets/file-check-DUXBxQcJ.js                                0.39 kB │ gzip:   0.29 kB │ map:     1.22 kB
dist/assets/file-minus-corner-iAyopRsg.js                         0.39 kB │ gzip:   0.28 kB │ map:     1.25 kB
dist/assets/folder-search-B2z1pMWo.js                             0.39 kB │ gzip:   0.29 kB │ map:     1.26 kB
dist/assets/folders-HsTazTdA.js                                   0.39 kB │ gzip:   0.28 kB │ map:     1.15 kB
dist/assets/ice-cream-bowl-BEPv46bi.js                            0.39 kB │ gzip:   0.28 kB │ map:     1.23 kB
dist/assets/star-half-fhvASf8z.js                                 0.39 kB │ gzip:   0.30 kB │ map:     1.08 kB
dist/assets/text-wrap-C8SwAUbc.js                                 0.39 kB │ gzip:   0.29 kB │ map:     1.20 kB
dist/assets/bring-to-front-D045p-fb.js                            0.39 kB │ gzip:   0.28 kB │ map:     1.26 kB
dist/assets/calendar-c_JH_1V1.js                                  0.39 kB │ gzip:   0.29 kB │ map:     1.25 kB
dist/assets/cup-soda-DolHA8O4.js                                  0.39 kB │ gzip:   0.28 kB │ map:     1.23 kB
dist/assets/folder-output-DLpaCSl-.js                             0.39 kB │ gzip:   0.28 kB │ map:     1.23 kB
dist/assets/hard-drive-upload-U9TCnwGR.js                         0.39 kB │ gzip:   0.28 kB │ map:     1.40 kB
dist/assets/list-video-Dr3px96Z.js                                0.39 kB │ gzip:   0.27 kB │ map:     1.27 kB
dist/assets/message-square-plus-CzF0UVuJ.js                       0.39 kB │ gzip:   0.29 kB │ map:     1.26 kB
dist/assets/pencil-line-BKsje5C9.js                               0.39 kB │ gzip:   0.29 kB │ map:     1.22 kB
dist/assets/user-round-key-C6EqBkK4.js                            0.39 kB │ gzip:   0.28 kB │ map:     1.38 kB
dist/assets/zap-CrtYfJ8v.js                                       0.39 kB │ gzip:   0.31 kB │ map:     1.02 kB
dist/assets/book-copy-BrzBslKs.js                                 0.39 kB │ gzip:   0.28 kB │ map:     1.21 kB
dist/assets/book-search-DfH7GHKn.js                               0.39 kB │ gzip:   0.29 kB │ map:     1.28 kB
dist/assets/fan-Da4KjO9A.js                                       0.39 kB │ gzip:   0.27 kB │ map:     1.12 kB
dist/assets/git-pull-request-create-rFAOzPpl.js                   0.39 kB │ gzip:   0.28 kB │ map:     1.40 kB
dist/assets/id-card-D3IChZlf.js                                   0.39 kB │ gzip:   0.30 kB │ map:     1.37 kB
dist/assets/monitor-Ddj8MK6z.js                                   0.39 kB │ gzip:   0.30 kB │ map:     1.27 kB
dist/assets/mouse-pointer-2-DbBU41il.js                           0.39 kB │ gzip:   0.31 kB │ map:     1.09 kB
dist/assets/cloud-moon-lfYcumKX.js                                0.40 kB │ gzip:   0.31 kB │ map:     1.15 kB
dist/assets/microwave-xsTwvlz3.js                                 0.40 kB │ gzip:   0.28 kB │ map:     1.41 kB
dist/assets/nfc-KJ6zCWqR.js                                       0.40 kB │ gzip:   0.28 kB │ map:     1.22 kB
dist/assets/picture-in-picture-2-g5nsWFVw.js                      0.40 kB │ gzip:   0.31 kB │ map:     1.20 kB
dist/assets/save-CT8MYcBN.js                                      0.40 kB │ gzip:   0.28 kB │ map:     1.19 kB
dist/assets/diamond-plus-45vS3rqN.js                              0.40 kB │ gzip:   0.27 kB │ map:     1.23 kB
dist/assets/file-check-corner-BsME40c5.js                         0.40 kB │ gzip:   0.29 kB │ map:     1.25 kB
dist/assets/hard-drive-download-CA4jQ5dF.js                       0.40 kB │ gzip:   0.29 kB │ map:     1.41 kB
dist/assets/refresh-ccw-DzjAv2jr.js                               0.40 kB │ gzip:   0.28 kB │ map:     1.25 kB
dist/assets/shield-check-Beso_OP4.js                              0.40 kB │ gzip:   0.30 kB │ map:     1.17 kB
dist/assets/superscript-C7YqSHIS.js                               0.40 kB │ gzip:   0.30 kB │ map:     1.22 kB
dist/assets/eye-closed-CfoSWKO0.js                                0.40 kB │ gzip:   0.27 kB │ map:     1.32 kB
dist/assets/file-exclamation-point-CgcKMdjv.js                    0.40 kB │ gzip:   0.28 kB │ map:     1.28 kB
dist/assets/folder-root-CvcSFEBh.js                               0.40 kB │ gzip:   0.30 kB │ map:     1.25 kB
dist/assets/send-to-back-DsCaUC1w.js                              0.40 kB │ gzip:   0.28 kB │ map:     1.37 kB
dist/assets/square-stack-D7fRzJlP.js                              0.40 kB │ gzip:   0.28 kB │ map:     1.25 kB
dist/assets/user-key-CTrP_xni.js                                  0.40 kB │ gzip:   0.28 kB │ map:     1.35 kB
dist/assets/whole-word-BZ_kFvs-.js                                0.40 kB │ gzip:   0.28 kB │ map:     1.36 kB
dist/assets/funnel-plus-Ck3EIXMR.js                               0.40 kB │ gzip:   0.30 kB │ map:     1.22 kB
dist/assets/hand-helping-CDSPaC-u.js                              0.40 kB │ gzip:   0.30 kB │ map:     1.23 kB
dist/assets/message-circle-x-Ch843APZ.js                          0.40 kB │ gzip:   0.30 kB │ map:     1.25 kB
dist/assets/message-square-x-BcmSxcTU.js                          0.40 kB │ gzip:   0.29 kB │ map:     1.25 kB
dist/assets/sailboat-DwY9lP41.js                                  0.40 kB │ gzip:   0.29 kB │ map:     1.23 kB
dist/assets/align-vertical-space-between-0eJdkImZ.js              0.40 kB │ gzip:   0.27 kB │ map:     1.45 kB
dist/assets/bath-Dwy5RizV.js                                      0.40 kB │ gzip:   0.27 kB │ map:     1.32 kB
dist/assets/heading-5-DpC07ldL.js                                 0.40 kB │ gzip:   0.28 kB │ map:     1.32 kB
dist/assets/screen-share-CMM0S3Eg.js                              0.40 kB │ gzip:   0.28 kB │ map:     1.32 kB
dist/assets/spell-check-2-DLx6Flye.js                             0.40 kB │ gzip:   0.26 kB │ map:     1.23 kB
dist/assets/table-of-contents-BPBMDEAm.js                         0.40 kB │ gzip:   0.26 kB │ map:     1.41 kB
dist/assets/youtube-ChKWUnf_.js                                   0.40 kB │ gzip:   0.27 kB │ map:     1.15 kB
dist/assets/a-large-small-VO61wHyD.js                             0.40 kB │ gzip:   0.30 kB │ map:     1.27 kB
dist/assets/calendar-minus-CdMv6PDR.js                            0.40 kB │ gzip:   0.27 kB │ map:     1.33 kB
dist/assets/mail-warning-iCGImsLB.js                              0.40 kB │ gzip:   0.29 kB │ map:     1.26 kB
dist/assets/tickets-BdP3ZduA.js                                   0.40 kB │ gzip:   0.30 kB │ map:     1.36 kB
dist/assets/useT3ConnectAuthPrompt-BlbNW4Pp.js                    0.40 kB │ gzip:   0.30 kB │ map:     1.15 kB
dist/assets/volume-1-oUBXMs_c.js                                  0.40 kB │ gzip:   0.30 kB │ map:     1.15 kB
dist/assets/book-heart-CeJYBgCq.js                                0.40 kB │ gzip:   0.30 kB │ map:     1.19 kB
dist/assets/gem-DTg0bBlB.js                                       0.40 kB │ gzip:   0.30 kB │ map:     1.19 kB
dist/assets/library-big-Ceily1RT.js                               0.40 kB │ gzip:   0.31 kB │ map:     1.28 kB
dist/assets/message-circle-plus-DCQxYivm.js                       0.40 kB │ gzip:   0.30 kB │ map:     1.27 kB
dist/assets/notebook-YaCusYje.js                                  0.40 kB │ gzip:   0.28 kB │ map:     1.42 kB
dist/assets/rocking-chair-ndoZuRzX.js                             0.40 kB │ gzip:   0.28 kB │ map:     1.35 kB
dist/assets/rotate-ccw-key-CNuXYZPZ.js                            0.40 kB │ gzip:   0.29 kB │ map:     1.36 kB
dist/assets/square-menu-Bq3HnG2U.js                               0.40 kB │ gzip:   0.30 kB │ map:     1.28 kB
dist/assets/workflow-Za5zYpKH.js                                  0.40 kB │ gzip:   0.30 kB │ map:     1.26 kB
dist/assets/align-vertical-distribute-end-Cbp8Ziki.js             0.40 kB │ gzip:   0.27 kB │ map:     1.45 kB
dist/assets/bell-minus-DP4QxTGm.js                                0.40 kB │ gzip:   0.31 kB │ map:     1.22 kB
dist/assets/file-1cutE11R.js                                      0.40 kB │ gzip:   0.30 kB │ map:     1.09 kB
dist/assets/funnel-x-wJb_6Jxv.js                                  0.40 kB │ gzip:   0.30 kB │ map:     1.22 kB
dist/assets/image-xUrgiZ2i.js                                     0.40 kB │ gzip:   0.31 kB │ map:     1.23 kB
dist/assets/align-horizontal-space-between-DrMKA5Qm.js            0.40 kB │ gzip:   0.28 kB │ map:     1.46 kB
dist/assets/cloud-download-BE7c7r3I.js                            0.40 kB │ gzip:   0.31 kB │ map:     1.19 kB
dist/assets/contact-round-DyiLxYtq.js                             0.40 kB │ gzip:   0.29 kB │ map:     1.42 kB
dist/assets/git-commit-horizontal-6IR7R88i.js                     0.40 kB │ gzip:   0.29 kB │ map:     1.33 kB
dist/assets/scooter-D9i3jeND.js                                   0.40 kB │ gzip:   0.30 kB │ map:     1.31 kB
dist/assets/shield-ban-BpSPUQ1p.js                                0.40 kB │ gzip:   0.31 kB │ map:     1.16 kB
dist/assets/square-divide-CQEzd7bJ.js                             0.40 kB │ gzip:   0.28 kB │ map:     1.46 kB
dist/assets/tv-minimal-play-OFnL9D72.js                           0.40 kB │ gzip:   0.31 kB │ map:     1.30 kB
dist/assets/arrow-big-up-dash-DYtLWwrp.js                         0.40 kB │ gzip:   0.29 kB │ map:     1.19 kB
dist/assets/badge-minus-B303SoJu.js                               0.40 kB │ gzip:   0.28 kB │ map:     1.21 kB
dist/assets/scan-line-mz8FaGj8.js                                 0.40 kB │ gzip:   0.27 kB │ map:     1.32 kB
dist/assets/spool-CVWUlNt2.js                                     0.40 kB │ gzip:   0.30 kB │ map:     1.17 kB
dist/assets/squares-exclude-Ci0m3h8w.js                           0.40 kB │ gzip:   0.28 kB │ map:     1.22 kB
dist/assets/wallet-cards-DY1neoMA.js                              0.40 kB │ gzip:   0.31 kB │ map:     1.29 kB
dist/assets/align-vertical-distribute-start-CCCszYjj.js           0.41 kB │ gzip:   0.27 kB │ map:     1.47 kB
dist/assets/layers-2-BVq6HXc5.js                                  0.41 kB │ gzip:   0.29 kB │ map:     1.19 kB
dist/assets/user-round-x-D7izbSMH.js                              0.41 kB │ gzip:   0.31 kB │ map:     1.26 kB
dist/assets/align-horizontal-distribute-end-WbN7qm5G.js           0.41 kB │ gzip:   0.28 kB │ map:     1.48 kB
dist/assets/arrow-big-down-dash-JtpQ50aF.js                       0.41 kB │ gzip:   0.29 kB │ map:     1.21 kB
dist/assets/contact-reMkF16l.js                                   0.41 kB │ gzip:   0.29 kB │ map:     1.39 kB
dist/assets/dribbble-BMCt0SPD.js                                  0.41 kB │ gzip:   0.31 kB │ map:     1.28 kB
dist/assets/flip-horizontal-2-Q9FVpOoQ.js                         0.41 kB │ gzip:   0.26 kB │ map:     1.42 kB
dist/assets/map-pin-minus-BvcbU-Br.js                             0.41 kB │ gzip:   0.32 kB │ map:     1.27 kB
dist/assets/message-square-code-HptgVlW_.js                       0.41 kB │ gzip:   0.29 kB │ map:     1.27 kB
dist/assets/settings.scheduled-tasks-DQDTATSF.js                  0.41 kB │ gzip:   0.30 kB │ map:     1.38 kB
dist/assets/shield-veV1FXDO.js                                    0.41 kB │ gzip:   0.32 kB │ map:     1.05 kB
dist/assets/battery-charging-ChPTXqXb.js                          0.41 kB │ gzip:   0.29 kB │ map:     1.29 kB
dist/assets/briefcase-business-CZ6zG1SI.js                        0.41 kB │ gzip:   0.30 kB │ map:     1.36 kB
dist/assets/focus-BNaqfRJ9.js                                     0.41 kB │ gzip:   0.28 kB │ map:     1.33 kB
dist/assets/heading-3--nho8z9V.js                                 0.41 kB │ gzip:   0.28 kB │ map:     1.32 kB
dist/assets/screen-share-off-DrHyp87b.js                          0.41 kB │ gzip:   0.28 kB │ map:     1.35 kB
dist/assets/triangle-alert-BiHUyRl3.js                            0.41 kB │ gzip:   0.31 kB │ map:     1.22 kB
dist/assets/calendar-check-2-CxPiBB4k.js                          0.41 kB │ gzip:   0.27 kB │ map:     1.35 kB
dist/assets/heart-pulse-tsreAvY0.js                               0.41 kB │ gzip:   0.31 kB │ map:     1.17 kB
dist/assets/monitor-smartphone-DhQYpiS7.js                        0.41 kB │ gzip:   0.29 kB │ map:     1.36 kB
dist/assets/receipt-indian-rupee-CZdjiwlq.js                      0.41 kB │ gzip:   0.27 kB │ map:     1.32 kB
dist/assets/wallpaper-Cn8irdZB.js                                 0.41 kB │ gzip:   0.31 kB │ map:     1.40 kB
dist/assets/align-horizontal-distribute-start-GqqRIDps.js         0.41 kB │ gzip:   0.28 kB │ map:     1.49 kB
dist/assets/angry-D7ju2uUm.js                                     0.41 kB │ gzip:   0.29 kB │ map:     1.39 kB
dist/assets/arrow-big-left-dash-CohURqUy.js                       0.41 kB │ gzip:   0.29 kB │ map:     1.21 kB
dist/assets/book-lock-BnOXK3i7.js                                 0.41 kB │ gzip:   0.31 kB │ map:     1.31 kB
dist/assets/chunk-5VM5RSS4-ZNzvKenW.js                            0.41 kB │ gzip:   0.31 kB │ map:     0.80 kB
dist/assets/flip-vertical-2-D6hdKFq9.js                           0.41 kB │ gzip:   0.27 kB │ map:     1.41 kB
dist/assets/image-up-C7oH9vyT.js                                  0.41 kB │ gzip:   0.30 kB │ map:     1.31 kB
dist/assets/lectern-D6rP7Trh.js                                   0.41 kB │ gzip:   0.31 kB │ map:     1.27 kB
dist/assets/arrow-big-right-dash-BqyBj14-.js                      0.41 kB │ gzip:   0.29 kB │ map:     1.21 kB
dist/assets/bitcoin-BKUX2dEQ.js                                   0.41 kB │ gzip:   0.31 kB │ map:     1.09 kB
dist/assets/clipboard-x-BY4DjKoA.js                               0.41 kB │ gzip:   0.29 kB │ map:     1.37 kB
dist/assets/graduation-cap-DYA6bweQ.js                            0.41 kB │ gzip:   0.30 kB │ map:     1.25 kB
dist/assets/message-circle-warning-Bzw20ZnK.js                    0.41 kB │ gzip:   0.30 kB │ map:     1.29 kB
dist/assets/pencil-CnxrJI7X.js                                    0.41 kB │ gzip:   0.32 kB │ map:     1.11 kB
dist/assets/book-key-CUn-8fDm.js                                  0.41 kB │ gzip:   0.30 kB │ map:     1.34 kB
dist/assets/bottle-wine-C1Z40SRN.js                               0.41 kB │ gzip:   0.29 kB │ map:     1.18 kB
dist/assets/calendar-x-CHj7bDDz.js                                0.41 kB │ gzip:   0.29 kB │ map:     1.44 kB
dist/assets/cooking-pot-I_OTejVO.js                               0.41 kB │ gzip:   0.29 kB │ map:     1.30 kB
dist/assets/image-down-DUY12Cr8.js                                0.41 kB │ gzip:   0.30 kB │ map:     1.32 kB
dist/assets/package-2-PFPoHylD.js                                 0.41 kB │ gzip:   0.29 kB │ map:     1.23 kB
dist/assets/ticket-percent-ChwRr0AV.js                            0.41 kB │ gzip:   0.28 kB │ map:     1.32 kB
dist/assets/citrus-BI95LPEp.js                                    0.41 kB │ gzip:   0.30 kB │ map:     1.28 kB
dist/assets/creative-commons-CzYuOy4m.js                          0.41 kB │ gzip:   0.27 kB │ map:     1.29 kB
dist/assets/file-chart-line-RzsvN6p-.js                           0.41 kB │ gzip:   0.30 kB │ map:     1.26 kB
dist/assets/flashlight-3nV0E9sU.js                                0.41 kB │ gzip:   0.30 kB │ map:     1.23 kB
dist/assets/receipt-pound-sterling-DFQN4U55.js                    0.41 kB │ gzip:   0.28 kB │ map:     1.34 kB
dist/assets/air-vent-cK9lx9x4.js                                  0.41 kB │ gzip:   0.29 kB │ map:     1.29 kB
dist/assets/clipboard-plus-C8MBEEmy.js                            0.41 kB │ gzip:   0.30 kB │ map:     1.39 kB
dist/assets/folder-closed-zBKiY8_q.js                             0.41 kB │ gzip:   0.31 kB │ map:     1.16 kB
dist/assets/list-restart-By28vBnP.js                              0.41 kB │ gzip:   0.29 kB │ map:     1.37 kB
dist/assets/pen-line-BeMREvYs.js                                  0.41 kB │ gzip:   0.32 kB │ map:     1.12 kB
dist/assets/user-pen-B3u89UQ-.js                                  0.41 kB │ gzip:   0.31 kB │ map:     1.25 kB
dist/assets/book-open-check-BLU6MA-t.js                           0.41 kB │ gzip:   0.28 kB │ map:     1.26 kB
dist/assets/house-D_gjXlRt.js                                     0.41 kB │ gzip:   0.31 kB │ map:     1.11 kB
dist/assets/lamp-CuU4EaOP.js                                      0.41 kB │ gzip:   0.30 kB │ map:     1.22 kB
dist/assets/message-circle-code-_ZJ2hllM.js                       0.41 kB │ gzip:   0.30 kB │ map:     1.28 kB
dist/assets/signpost-DukO6m_h.js                                  0.41 kB │ gzip:   0.28 kB │ map:     1.23 kB
dist/assets/square-arrow-out-up-right-DRKYZdVU.js                 0.41 kB │ gzip:   0.30 kB │ map:     1.25 kB
dist/assets/timer-off-DQmKVBQs.js                                 0.41 kB │ gzip:   0.28 kB │ map:     1.32 kB
dist/assets/type-outline-jC7qGGNU.js                              0.41 kB │ gzip:   0.27 kB │ map:     1.12 kB
dist/assets/database-zap-7J3EuQMC.js                              0.42 kB │ gzip:   0.30 kB │ map:     1.38 kB
dist/assets/dice-5-Cs-94ZJE.js                                    0.42 kB │ gzip:   0.27 kB │ map:     1.44 kB
dist/assets/folder-lock-CXxgErRT.js                               0.42 kB │ gzip:   0.31 kB │ map:     1.30 kB
dist/assets/folder-search-2-BnLXNY-J.js                           0.42 kB │ gzip:   0.30 kB │ map:     1.29 kB
dist/assets/stone-C3ZusZxj.js                                     0.42 kB │ gzip:   0.30 kB │ map:     1.22 kB
dist/assets/book-open-HEEW8eqT.js                                 0.42 kB │ gzip:   0.30 kB │ map:     1.13 kB
dist/assets/folder-key-tzLelqRM.js                                0.42 kB │ gzip:   0.30 kB │ map:     1.33 kB
dist/assets/gpu-CDFMuB5q.js                                       0.42 kB │ gzip:   0.29 kB │ map:     1.35 kB
dist/assets/image-minus-YiDAlaXa.js                               0.42 kB │ gzip:   0.31 kB │ map:     1.34 kB
dist/assets/octagon-bfoeNKWd.js                                   0.42 kB │ gzip:   0.28 kB │ map:     1.10 kB
dist/assets/pen-off-D1uGrLbi.js                                   0.42 kB │ gzip:   0.31 kB │ map:     1.22 kB
dist/assets/plug-2-DkrvJqyh.js                                    0.42 kB │ gzip:   0.30 kB │ map:     1.27 kB
dist/assets/shopping-bag-BIOR_o7W.js                              0.42 kB │ gzip:   0.29 kB │ map:     1.25 kB
dist/assets/skull-e2iww7hg.js                                     0.42 kB │ gzip:   0.29 kB │ map:     1.33 kB
dist/assets/weight-tilde-CtA10Nof.js                              0.42 kB │ gzip:   0.31 kB │ map:     1.28 kB
dist/assets/bell-dot-aRrua1W_.js                                  0.42 kB │ gzip:   0.32 kB │ map:     1.26 kB
dist/assets/calendar-plus-2-tml0-U54.js                           0.42 kB │ gzip:   0.28 kB │ map:     1.47 kB
dist/assets/file-question-mark-D2dqsy4p.js                        0.42 kB │ gzip:   0.30 kB │ map:     1.28 kB
dist/assets/file-symlink-43T1qIN8.js                              0.42 kB │ gzip:   0.29 kB │ map:     1.25 kB
dist/assets/globe-lock-BFiCySjx.js                                0.42 kB │ gzip:   0.31 kB │ map:     1.36 kB
dist/assets/newspaper-BtN44MTI.js                                 0.42 kB │ gzip:   0.30 kB │ map:     1.35 kB
dist/assets/stethoscope-CP23NMBJ.js                               0.42 kB │ gzip:   0.29 kB │ map:     1.37 kB
dist/assets/blinds-CVYRTKYM.js                                    0.42 kB │ gzip:   0.28 kB │ map:     1.46 kB
dist/assets/drafting-compass-BIqtSc_S.js                          0.42 kB │ gzip:   0.31 kB │ map:     1.40 kB
dist/assets/ethernet-port-DQFukwEL.js                             0.42 kB │ gzip:   0.27 kB │ map:     1.38 kB
dist/assets/list-checks-CQu2FTgJ.js                               0.42 kB │ gzip:   0.28 kB │ map:     1.30 kB
dist/assets/loader-pinwheel-Bg-2XKUp.js                           0.42 kB │ gzip:   0.29 kB │ map:     1.33 kB
dist/assets/archive-restore-BYT0kgyI.js                           0.42 kB │ gzip:   0.30 kB │ map:     1.42 kB
dist/assets/battery-warning-BUgA0xZw.js                           0.42 kB │ gzip:   0.28 kB │ map:     1.36 kB
dist/assets/currency-aRvlhwDD.js                                  0.42 kB │ gzip:   0.26 kB │ map:     1.52 kB
dist/assets/heart-plus-THykK9m7.js                                0.42 kB │ gzip:   0.31 kB │ map:     1.24 kB
dist/assets/locate-BbQamH58.js                                    0.42 kB │ gzip:   0.27 kB │ map:     1.51 kB
dist/assets/megaphone-Sk1K0hp8.js                                 0.42 kB │ gzip:   0.30 kB │ map:     1.24 kB
dist/assets/message-square-reply-CHsduKC_.js                      0.42 kB │ gzip:   0.30 kB │ map:     1.29 kB
dist/assets/utility-pole-DXUC8Mtb.js                              0.42 kB │ gzip:   0.27 kB │ map:     1.47 kB
dist/assets/accessibility-D7OsE11P.js                             0.42 kB │ gzip:   0.30 kB │ map:     1.39 kB
dist/assets/copy-x-DgGhWpFD.js                                    0.42 kB │ gzip:   0.31 kB │ map:     1.40 kB
dist/assets/house-heart-DJ4KmaL_.js                               0.42 kB │ gzip:   0.30 kB │ map:     1.22 kB
dist/assets/paw-print-DAuKn5nt.js                                 0.42 kB │ gzip:   0.30 kB │ map:     1.38 kB
dist/assets/podcast-D_vOxokL.js                                   0.42 kB │ gzip:   0.30 kB │ map:     1.33 kB
dist/assets/venetian-mask-DIRpKeyD.js                             0.42 kB │ gzip:   0.29 kB │ map:     1.26 kB
dist/assets/file-x-corner-DSVdtJBG.js                             0.42 kB │ gzip:   0.30 kB │ map:     1.32 kB
dist/assets/git-graph-BcpFgrzR.js                                 0.42 kB │ gzip:   0.28 kB │ map:     1.47 kB
dist/assets/land-plot-C0rqaRnv.js                                 0.42 kB │ gzip:   0.30 kB │ map:     1.30 kB
dist/assets/layout-grid-DDlG0mCT.js                               0.42 kB │ gzip:   0.25 kB │ map:     1.50 kB
dist/assets/clapperboard-PBUZs-8E.js                              0.42 kB │ gzip:   0.31 kB │ map:     1.31 kB
dist/assets/droplet-off-BzWwwWD9.js                               0.42 kB │ gzip:   0.32 kB │ map:     1.26 kB
dist/assets/file-plus-Bz-ZuoM6.js                                 0.42 kB │ gzip:   0.30 kB │ map:     1.30 kB
dist/assets/picture-in-picture-DAhEcFnu.js                        0.42 kB │ gzip:   0.30 kB │ map:     1.43 kB
dist/assets/send-CMOvB09P.js                                      0.42 kB │ gzip:   0.33 kB │ map:     1.11 kB
dist/assets/alarm-clock-minus-CvROMcHp.js                         0.42 kB │ gzip:   0.29 kB │ map:     1.46 kB
dist/assets/lightbulb-CEqRo_1f.js                                 0.42 kB │ gzip:   0.32 kB │ map:     1.21 kB
dist/assets/map-pin-check-BrSkrnsI.js                             0.42 kB │ gzip:   0.33 kB │ map:     1.29 kB
dist/assets/mouse-pointer-ban-BtWb8oHR.js                         0.42 kB │ gzip:   0.32 kB │ map:     1.31 kB
dist/assets/square-mouse-pointer-CuceqRps.js                      0.42 kB │ gzip:   0.31 kB │ map:     1.23 kB
dist/assets/webhook-D98vcDku.js                                   0.42 kB │ gzip:   0.32 kB │ map:     1.23 kB
dist/assets/chess-pawn-DCukwQIc.js                                0.42 kB │ gzip:   0.30 kB │ map:     1.38 kB
dist/assets/file-up-B9ToEE0l.js                                   0.42 kB │ gzip:   0.30 kB │ map:     1.29 kB
dist/assets/gift-Ce2axWqY.js                                      0.42 kB │ gzip:   0.31 kB │ map:     1.34 kB
dist/assets/orbit-DZGojtwh.js                                     0.42 kB │ gzip:   0.29 kB │ map:     1.40 kB
dist/assets/scroll-text-BTR8zX3i.js                               0.42 kB │ gzip:   0.29 kB │ map:     1.31 kB
dist/assets/shield-plus-COy_xpI_.js                               0.42 kB │ gzip:   0.31 kB │ map:     1.25 kB
dist/assets/smartphone-nfc-YeiR0PF7.js                            0.42 kB │ gzip:   0.31 kB │ map:     1.36 kB
dist/assets/book-up-2-4y8_6ibG.js                                 0.43 kB │ gzip:   0.29 kB │ map:     1.33 kB
dist/assets/folder-open-dot-Clrgctlc.js                           0.43 kB │ gzip:   0.31 kB │ map:     1.24 kB
dist/assets/plug-zap-CkG97bTx.js                                  0.43 kB │ gzip:   0.29 kB │ map:     1.35 kB
dist/assets/copy-plus-CIBKSAg2.js                                 0.43 kB │ gzip:   0.31 kB │ map:     1.42 kB
dist/assets/crosshair-BB0X6YSE.js                                 0.43 kB │ gzip:   0.28 kB │ map:     1.53 kB
dist/assets/diameter-sNITlc4P.js                                  0.43 kB │ gzip:   0.29 kB │ map:     1.39 kB
dist/assets/folder-kanban-BKaPu9L8.js                             0.43 kB │ gzip:   0.30 kB │ map:     1.32 kB
dist/assets/message-circle-reply-XOeojDnW.js                      0.43 kB │ gzip:   0.31 kB │ map:     1.30 kB
dist/assets/monitor-off-DOA3QLeW.js                               0.43 kB │ gzip:   0.29 kB │ map:     1.34 kB
dist/assets/battery-plus-DiqwecQ7.js                              0.43 kB │ gzip:   0.29 kB │ map:     1.35 kB
dist/assets/file-x-AgefkwWP.js                                    0.43 kB │ gzip:   0.30 kB │ map:     1.29 kB
dist/assets/monitor-speaker-Bf5d1kI9.js                           0.43 kB │ gzip:   0.31 kB │ map:     1.45 kB
dist/assets/turtle-BCadc3y8.js                                    0.43 kB │ gzip:   0.29 kB │ map:     1.30 kB
dist/assets/user-round-pen-1c4QYzhv.js                            0.43 kB │ gzip:   0.32 kB │ map:     1.30 kB
dist/assets/washing-machine-Dp1nt5xY.js                           0.43 kB │ gzip:   0.31 kB │ map:     1.45 kB
dist/assets/dessert-DB3DD2c1.js                                   0.43 kB │ gzip:   0.31 kB │ map:     1.27 kB
dist/assets/file-down-D6jqKqzK.js                                 0.43 kB │ gzip:   0.30 kB │ map:     1.31 kB
dist/assets/glasses-DB0Ol6kV.js                                   0.43 kB │ gzip:   0.29 kB │ map:     1.39 kB
dist/assets/key-round-Dxmy6rEk.js                                 0.43 kB │ gzip:   0.31 kB │ map:     1.22 kB
dist/assets/share-2-D79zvx-0.js                                   0.43 kB │ gzip:   0.29 kB │ map:     1.49 kB
dist/assets/train-track-CgzZLY9d.js                               0.43 kB │ gzip:   0.27 kB │ map:     1.47 kB
dist/assets/alarm-clock-check-Bj3H-1Bc.js                         0.43 kB │ gzip:   0.29 kB │ map:     1.47 kB
dist/assets/chart-bar-stacked-BkPbqNTC.js                         0.43 kB │ gzip:   0.29 kB │ map:     1.49 kB
dist/assets/cigarette-DFxgg5rt.js                                 0.43 kB │ gzip:   0.28 kB │ map:     1.34 kB
dist/assets/cookie-il88Vu4T.js                                    0.43 kB │ gzip:   0.27 kB │ map:     1.39 kB
dist/assets/file-plus-corner-zbM29OhD.js                          0.43 kB │ gzip:   0.30 kB │ map:     1.34 kB
dist/assets/house-plus-BFacQmve.js                                0.43 kB │ gzip:   0.30 kB │ map:     1.31 kB
dist/assets/maximize-CoWtPryT.js                                  0.43 kB │ gzip:   0.29 kB │ map:     1.24 kB
dist/assets/message-square-lock-Bh16z8RZ.js                       0.43 kB │ gzip:   0.32 kB │ map:     1.35 kB
dist/assets/message-square-quote-QbstmbgB.js                      0.43 kB │ gzip:   0.29 kB │ map:     1.30 kB
dist/assets/message-square-text-DQhBn6vT.js                       0.43 kB │ gzip:   0.30 kB │ map:     1.36 kB
dist/assets/shield-alert-e6IQRkUt.js                              0.43 kB │ gzip:   0.31 kB │ map:     1.26 kB
dist/assets/shield-x-CPGZnjfK.js                                  0.43 kB │ gzip:   0.31 kB │ map:     1.24 kB
dist/assets/speech-BB-K9i5O.js                                    0.43 kB │ gzip:   0.32 kB │ map:     1.24 kB
dist/assets/binary-DxeezvFA.js                                    0.43 kB │ gzip:   0.28 kB │ map:     1.50 kB
dist/assets/circuit-board-DsV1-KEP.js                             0.43 kB │ gzip:   0.30 kB │ map:     1.47 kB
dist/assets/file-axis-3d-DW-_1ErG.js                              0.43 kB │ gzip:   0.30 kB │ map:     1.32 kB
dist/assets/message-square-diff-Pdeg4sXS.js                       0.43 kB │ gzip:   0.30 kB │ map:     1.36 kB
dist/assets/crown-CFGVPFBn.js                                     0.43 kB │ gzip:   0.31 kB │ map:     1.17 kB
dist/assets/decimals-arrow-right-Df3CyIQ-.js                      0.43 kB │ gzip:   0.29 kB │ map:     1.50 kB
dist/assets/folder-open-BqgCWh1y.js                               0.43 kB │ gzip:   0.32 kB │ map:     1.10 kB
dist/assets/layout-dashboard-ooryUzKC.js                          0.43 kB │ gzip:   0.26 kB │ map:     1.54 kB
dist/assets/receipt-japanese-yen-Dg2QKZUg.js                      0.43 kB │ gzip:   0.28 kB │ map:     1.41 kB
dist/assets/snail-D3moKsWq.js                                     0.43 kB │ gzip:   0.31 kB │ map:     1.35 kB
dist/assets/square-split-vertical-BqJX4cZa.js                     0.43 kB │ gzip:   0.33 kB │ map:     1.29 kB
dist/assets/toastHelpers-Dsph6LwL.js                              0.43 kB │ gzip:   0.27 kB │ map:     3.26 kB
dist/assets/bell-plus-BEFHN1un.js                                 0.43 kB │ gzip:   0.32 kB │ map:     1.31 kB
dist/assets/book-headphones-6uvdG50R.js                           0.43 kB │ gzip:   0.30 kB │ map:     1.40 kB
dist/assets/card-sim-D70ng9rA.js                                  0.43 kB │ gzip:   0.31 kB │ map:     1.36 kB
dist/assets/syringe-B1mldj0q.js                                   0.43 kB │ gzip:   0.30 kB │ map:     1.39 kB
dist/assets/file-clock-LchFtrW-.js                                0.43 kB │ gzip:   0.31 kB │ map:     1.35 kB
dist/assets/file-input-C0Dc8Z3c.js                                0.43 kB │ gzip:   0.30 kB │ map:     1.32 kB
dist/assets/folder-heart--gm9BGFj.js                              0.43 kB │ gzip:   0.31 kB │ map:     1.24 kB
dist/assets/hourglass-Dk58S56v.js                                 0.43 kB │ gzip:   0.29 kB │ map:     1.33 kB
dist/assets/mailbox-1ZiBlwc8.js                                   0.43 kB │ gzip:   0.32 kB │ map:     1.35 kB
dist/assets/mic-vocal-CsRXXcyO.js                                 0.43 kB │ gzip:   0.33 kB │ map:     1.31 kB
dist/assets/monitor-play-DgibFIWU.js                              0.43 kB │ gzip:   0.32 kB │ map:     1.38 kB
dist/assets/watch-D8Ivg9_G.js                                     0.43 kB │ gzip:   0.31 kB │ map:     1.31 kB
dist/assets/fullscreen-CbnhDlzl.js                                0.43 kB │ gzip:   0.30 kB │ map:     1.41 kB
dist/assets/lightbulb-off-66a5cDpH.js                             0.43 kB │ gzip:   0.30 kB │ map:     1.36 kB
dist/assets/trees-D4_85nei.js                                     0.43 kB │ gzip:   0.30 kB │ map:     1.30 kB
dist/assets/useRegisterFieldControl-De5-Vzga.js                   0.43 kB │ gzip:   0.32 kB │ map:     1.90 kB
dist/assets/archive-x-BN7DYXYC.js                                 0.44 kB │ gzip:   0.32 kB │ map:     1.30 kB
dist/assets/badge-cent-VPQuYu3p.js                                0.44 kB │ gzip:   0.28 kB │ map:     1.26 kB
dist/assets/badge-euro-JEH-L0G3.js                                0.44 kB │ gzip:   0.28 kB │ map:     1.26 kB
dist/assets/calendar-x-2-CIWzgaez.js                              0.44 kB │ gzip:   0.28 kB │ map:     1.42 kB
dist/assets/chart-column-stacked-iKrjpc6H.js                      0.44 kB │ gzip:   0.30 kB │ map:     1.51 kB
dist/assets/file-terminal-CRCS28HY.js                             0.44 kB │ gzip:   0.30 kB │ map:     1.34 kB
dist/assets/square-split-horizontal-Ba4BZbro.js                   0.44 kB │ gzip:   0.33 kB │ map:     1.31 kB
dist/assets/armchair-D7pnxjmS.js                                  0.44 kB │ gzip:   0.29 kB │ map:     1.31 kB
dist/assets/lamp-wall-up-D_hgRMbL.js                              0.44 kB │ gzip:   0.30 kB │ map:     1.28 kB
dist/assets/layout-list-CVUM_qAL.js                               0.44 kB │ gzip:   0.28 kB │ map:     1.52 kB
dist/assets/switch-camera-TVd-qbxf.js                             0.44 kB │ gzip:   0.30 kB │ map:     1.40 kB
dist/assets/bell-off-BU74WsGf.js                                  0.44 kB │ gzip:   0.32 kB │ map:     1.31 kB
dist/assets/house-wifi-CblY8txU.js                                0.44 kB │ gzip:   0.30 kB │ map:     1.32 kB
dist/assets/image-plus-DlFrI9cL.js                                0.44 kB │ gzip:   0.30 kB │ map:     1.38 kB
dist/assets/list-todo-D7F9k-PE.js                                 0.44 kB │ gzip:   0.31 kB │ map:     1.36 kB
dist/assets/message-square-more-BMn5oMEQ.js                       0.44 kB │ gzip:   0.30 kB │ map:     1.36 kB
dist/assets/wrench-CSZxFJCP.js                                    0.44 kB │ gzip:   0.34 kB │ map:     1.08 kB
dist/assets/lamp-wall-down-Dgs5XcxT.js                            0.44 kB │ gzip:   0.30 kB │ map:     1.30 kB
dist/assets/laptop-05PEAB3d.js                                    0.44 kB │ gzip:   0.32 kB │ map:     1.14 kB
dist/assets/sheet-DsarjqfI.js                                     0.44 kB │ gzip:   0.28 kB │ map:     1.56 kB
dist/assets/birdhouse-6Y7RlR_b.js                                 0.44 kB │ gzip:   0.31 kB │ map:     1.44 kB
dist/assets/calendar-plus-D7raE_V3.js                             0.44 kB │ gzip:   0.29 kB │ map:     1.43 kB
dist/assets/captions-off-d-p4SpAh.js                              0.44 kB │ gzip:   0.29 kB │ map:     1.43 kB
dist/assets/door-closed-locked-CbalekVn.js                        0.44 kB │ gzip:   0.30 kB │ map:     1.45 kB
dist/assets/file-music-B1X3ZqU1.js                                0.44 kB │ gzip:   0.32 kB │ map:     1.35 kB
dist/assets/parking-meter-CIwykfrs.js                             0.44 kB │ gzip:   0.29 kB │ map:     1.40 kB
dist/assets/users-LmqvhHnq.js                                     0.44 kB │ gzip:   0.32 kB │ map:     1.26 kB
dist/assets/cake-slice-BH-3Wfy5.js                                0.44 kB │ gzip:   0.32 kB │ map:     1.35 kB
dist/assets/hd-BEdD8xQx.js                                        0.44 kB │ gzip:   0.30 kB │ map:     1.40 kB
dist/assets/images-C7r3sq63.js                                    0.44 kB │ gzip:   0.32 kB │ map:     1.37 kB
dist/assets/milk-DhYmsPG2.js                                      0.44 kB │ gzip:   0.30 kB │ map:     1.23 kB
dist/assets/bird-3J5ly4pV.js                                      0.44 kB │ gzip:   0.30 kB │ map:     1.39 kB
dist/assets/box-CKWcQvdq.js                                       0.44 kB │ gzip:   0.32 kB │ map:     1.19 kB
dist/assets/caravan-BiPbAf_E.js                                   0.44 kB │ gzip:   0.30 kB │ map:     1.31 kB
dist/assets/map-pin-plus-hlTMSRk5.js                              0.44 kB │ gzip:   0.32 kB │ map:     1.36 kB
dist/assets/utensils-crossed-BjOwaLjP.js                          0.44 kB │ gzip:   0.31 kB │ map:     1.34 kB
dist/assets/axe-qTdkU-em.js                                       0.44 kB │ gzip:   0.32 kB │ map:     1.17 kB
dist/assets/flask-conical-WkWFg73e.js                             0.44 kB │ gzip:   0.32 kB │ map:     1.25 kB
dist/assets/radio-Cqu2gJgP.js                                     0.44 kB │ gzip:   0.30 kB │ map:     1.37 kB
dist/assets/map-pin-x-U9njJlFb.js                                 0.44 kB │ gzip:   0.32 kB │ map:     1.35 kB
dist/assets/notepad-text-Dx6SInTn.js                              0.44 kB │ gzip:   0.29 kB │ map:     1.54 kB
dist/assets/sparkle-HVOwBD9w.js                                   0.44 kB │ gzip:   0.28 kB │ map:     1.13 kB
dist/assets/door-open-BvJ8hyS9.js                                 0.45 kB │ gzip:   0.30 kB │ map:     1.39 kB
dist/assets/droplets-BwNarp0_.js                                  0.45 kB │ gzip:   0.34 kB │ map:     1.23 kB
dist/assets/ev-charger-D4js_mKn.js                                0.45 kB │ gzip:   0.30 kB │ map:     1.38 kB
dist/assets/file-code-Dwf4-ZFv.js                                 0.45 kB │ gzip:   0.30 kB │ map:     1.33 kB
dist/assets/file-user-CT6GiB28.js                                 0.45 kB │ gzip:   0.32 kB │ map:     1.35 kB
dist/assets/gamepad-u4FmzqKG.js                                   0.45 kB │ gzip:   0.29 kB │ map:     1.57 kB
dist/assets/gitlab-DgPr1mcN.js                                    0.45 kB │ gzip:   0.30 kB │ map:     1.12 kB
dist/assets/message-circle-more-Arwv0uOO.js                       0.45 kB │ gzip:   0.31 kB │ map:     1.37 kB
dist/assets/pipette-BLB5CkG5.js                                   0.45 kB │ gzip:   0.30 kB │ map:     1.29 kB
dist/assets/tent-tree-CUbDfnrF.js                                 0.45 kB │ gzip:   0.29 kB │ map:     1.51 kB
dist/assets/user-lock-BWt0Um72.js                                 0.45 kB │ gzip:   0.34 kB │ map:     1.34 kB
dist/assets/beef-BrurbyBR.js                                      0.45 kB │ gzip:   0.34 kB │ map:     1.30 kB
dist/assets/circle-pile-CrOXLb_T.js                               0.45 kB │ gzip:   0.25 kB │ map:     1.59 kB
dist/assets/cuboid-CM-57r1r.js                                    0.45 kB │ gzip:   0.31 kB │ map:     1.25 kB
dist/assets/folder-archive-DzGamTxI.js                            0.45 kB │ gzip:   0.31 kB │ map:     1.38 kB
dist/assets/candy-cane-RzqckjhP.js                                0.45 kB │ gzip:   0.31 kB │ map:     1.40 kB
dist/assets/file-output-nnYDsKWB.js                               0.45 kB │ gzip:   0.31 kB │ map:     1.34 kB
dist/assets/file-stack-BEMsHZ1e.js                                0.45 kB │ gzip:   0.29 kB │ map:     1.27 kB
dist/assets/touchpad-off-CzSaS8XI.js                              0.45 kB │ gzip:   0.29 kB │ map:     1.44 kB
dist/assets/user-plus-DbG1t95t.js                                 0.45 kB │ gzip:   0.32 kB │ map:     1.37 kB
dist/assets/vibrate-off-BRscYI8m.js                               0.45 kB │ gzip:   0.31 kB │ map:     1.41 kB
dist/assets/banknote-x-BXBm4VZn.js                                0.45 kB │ gzip:   0.30 kB │ map:     1.45 kB
dist/assets/clipboard-clock-BfvK8eaT.js                           0.45 kB │ gzip:   0.32 kB │ map:     1.48 kB
dist/assets/git-pull-request-create-arrow-D5Nk7p2B.js             0.45 kB │ gzip:   0.30 kB │ map:     1.54 kB
dist/assets/warehouse-Cwm4LxoZ.js                                 0.45 kB │ gzip:   0.30 kB │ map:     1.33 kB
dist/assets/badge-x-D2BG4HTb.js                                   0.45 kB │ gzip:   0.29 kB │ map:     1.34 kB
dist/assets/router-D_lXfg9K.js                                    0.45 kB │ gzip:   0.31 kB │ map:     1.46 kB
dist/assets/drum-CWatL4D1.js                                      0.45 kB │ gzip:   0.30 kB │ map:     1.50 kB
dist/assets/folder-pen-CAxL-GKy.js                                0.45 kB │ gzip:   0.32 kB │ map:     1.24 kB
dist/assets/badge-turkish-lira-C8OGcP7p.js                        0.45 kB │ gzip:   0.29 kB │ map:     1.31 kB
dist/assets/file-search-corner--k-Rsw9L.js                        0.45 kB │ gzip:   0.32 kB │ map:     1.40 kB
dist/assets/flip-vertical-D28ug2Dn.js                             0.45 kB │ gzip:   0.28 kB │ map:     1.44 kB
dist/assets/grip-horizontal-CesN71Q5.js                           0.45 kB │ gzip:   0.25 kB │ map:     1.62 kB
dist/assets/luggage-BnjFIXZ-.js                                   0.45 kB │ gzip:   0.29 kB │ map:     1.42 kB
dist/assets/message-circle-off-D8cEWbWf.js                        0.45 kB │ gzip:   0.32 kB │ map:     1.31 kB
dist/assets/printer-check-DHJr-dBg.js                             0.45 kB │ gzip:   0.29 kB │ map:     1.32 kB
dist/assets/refresh-ccw-dot-DpKrPNZ6.js                           0.45 kB │ gzip:   0.31 kB │ map:     1.42 kB
dist/assets/tram-front-DbPCodY8.js                                0.45 kB │ gzip:   0.30 kB │ map:     1.54 kB
dist/assets/cassette-tape-CH9AP7ID.js                             0.45 kB │ gzip:   0.32 kB │ map:     1.49 kB
dist/assets/dice-6-BBbWouur.js                                    0.45 kB │ gzip:   0.28 kB │ map:     1.54 kB
dist/assets/flip-horizontal-DdUrwdzi.js                           0.45 kB │ gzip:   0.29 kB │ map:     1.46 kB
dist/assets/map-pin-pen-lQPdVUUm.js                               0.45 kB │ gzip:   0.33 kB │ map:     1.30 kB
dist/assets/popcorn-CwznxrmD.js                                   0.45 kB │ gzip:   0.31 kB │ map:     1.36 kB
dist/assets/square-parking-off-C0n0Zau9.js                        0.45 kB │ gzip:   0.30 kB │ map:     1.41 kB
dist/assets/view-bJG7FPaw.js                                      0.45 kB │ gzip:   0.31 kB │ map:     1.34 kB
dist/assets/clipboard-type-5JHY8zAv.js                            0.45 kB │ gzip:   0.31 kB │ map:     1.49 kB
dist/assets/flask-conical-off-0m5QH5V-.js                         0.45 kB │ gzip:   0.30 kB │ map:     1.46 kB
dist/assets/hospital-BwT-mrix.js                                  0.45 kB │ gzip:   0.29 kB │ map:     1.39 kB
dist/assets/id-card-lanyard-DH-GZIPE.js                           0.45 kB │ gzip:   0.32 kB │ map:     1.45 kB
dist/assets/life-buoy-Zm5YLTDI.js                                 0.45 kB │ gzip:   0.28 kB │ map:     1.48 kB
dist/assets/shuffle-D8WpXAxL.js                                   0.45 kB │ gzip:   0.30 kB │ map:     1.36 kB
dist/assets/waves-ladder-CtegbcUO.js                              0.45 kB │ gzip:   0.29 kB │ map:     1.41 kB
dist/assets/file-lock-BpLFojh-.js                                 0.46 kB │ gzip:   0.33 kB │ map:     1.39 kB
dist/assets/network-DwkICMeZ.js                                   0.46 kB │ gzip:   0.29 kB │ map:     1.52 kB
dist/assets/square-dashed-bottom-code-BwuVq9SC.js                 0.46 kB │ gzip:   0.29 kB │ map:     1.46 kB
dist/assets/ticket-LnwYlhC1.js                                    0.46 kB │ gzip:   0.31 kB │ map:     1.28 kB
dist/assets/badge-russian-ruble-D43xrhn_.js                       0.46 kB │ gzip:   0.29 kB │ map:     1.32 kB
dist/assets/briefcase-medical-CIM5DfxG.js                         0.46 kB │ gzip:   0.30 kB │ map:     1.52 kB
dist/assets/diamond-percent-B3a1PtoI.js                           0.46 kB │ gzip:   0.29 kB │ map:     1.37 kB
dist/assets/image-play-DxqOuLGr.js                                0.46 kB │ gzip:   0.32 kB │ map:     1.37 kB
dist/assets/mouse-pointer-2-off-B3ejxwHT.js                       0.46 kB │ gzip:   0.33 kB │ map:     1.32 kB
dist/assets/badge-plus-BbxNy_hB.js                                0.46 kB │ gzip:   0.30 kB │ map:     1.36 kB
dist/assets/building-2-Dm3Q-tA_.js                                0.46 kB │ gzip:   0.29 kB │ map:     1.40 kB
dist/assets/clipboard-copy-BRv8-i2l.js                            0.46 kB │ gzip:   0.31 kB │ map:     1.47 kB
dist/assets/expand-BZFtstRG.js                                    0.46 kB │ gzip:   0.28 kB │ map:     1.54 kB
dist/assets/file-key-_DKG9Cpv.js                                  0.46 kB │ gzip:   0.32 kB │ map:     1.42 kB
dist/assets/message-square-off-BstjdZP9.js                        0.46 kB │ gzip:   0.34 kB │ map:     1.29 kB
dist/assets/tag-DhRIoqTo.js                                       0.46 kB │ gzip:   0.34 kB │ map:     1.18 kB
dist/assets/alarm-clock-plus-BQ5Tak3N.js                          0.46 kB │ gzip:   0.30 kB │ map:     1.55 kB
dist/assets/calendars-J_p_Y0Kc.js                                 0.46 kB │ gzip:   0.31 kB │ map:     1.49 kB
dist/assets/chevrons-left-right-ellipsis-D2Qu5H2y.js              0.46 kB │ gzip:   0.30 kB │ map:     1.44 kB
dist/assets/cloud-sync-THr4mNPt.js                                0.46 kB │ gzip:   0.32 kB │ map:     1.39 kB
dist/assets/git-compare-arrows-DRtvuH9M.js                        0.46 kB │ gzip:   0.30 kB │ map:     1.53 kB
dist/assets/heart-off-CL_fanV7.js                                 0.46 kB │ gzip:   0.33 kB │ map:     1.31 kB
dist/assets/microscope-BFiJl_4h.js                                0.46 kB │ gzip:   0.30 kB │ map:     1.44 kB
dist/assets/train-front-Dyss7KVs.js                               0.46 kB │ gzip:   0.31 kB │ map:     1.44 kB
dist/assets/cannabis-Bn7cwpV8.js                                  0.46 kB │ gzip:   0.32 kB │ map:     1.21 kB
dist/assets/refresh-cw-PY_ECjtI.js                                0.46 kB │ gzip:   0.32 kB │ map:     1.28 kB
dist/assets/badge-info-tSAUKrfJ.js                                0.46 kB │ gzip:   0.30 kB │ map:     1.36 kB
dist/assets/bandage-CUb8UKwB.js                                   0.46 kB │ gzip:   0.29 kB │ map:     1.55 kB
dist/assets/clipboard-paste-CDTJJU8N.js                           0.46 kB │ gzip:   0.32 kB │ map:     1.46 kB
dist/assets/pencil-off-BnM-ggVM.js                                0.46 kB │ gzip:   0.32 kB │ map:     1.34 kB
dist/assets/projector-CEGT1ICI.js                                 0.46 kB │ gzip:   0.31 kB │ map:     1.49 kB
dist/assets/worm-KKDezLss.js                                      0.46 kB │ gzip:   0.34 kB │ map:     1.26 kB
dist/assets/backpack-BIUvgxae.js                                  0.46 kB │ gzip:   0.29 kB │ map:     1.38 kB
dist/assets/calendar-off-Cc_NafN1.js                              0.46 kB │ gzip:   0.30 kB │ map:     1.45 kB
dist/assets/file-heart-C96X7fF0.js                                0.46 kB │ gzip:   0.32 kB │ map:     1.32 kB
dist/assets/locate-off-CxIe0rRu.js                                0.46 kB │ gzip:   0.29 kB │ map:     1.50 kB
dist/assets/mic-off-DTe-GBfk.js                                   0.46 kB │ gzip:   0.31 kB │ map:     1.43 kB
dist/assets/motorbike-1dQ6_Ohz.js                                 0.46 kB │ gzip:   0.31 kB │ map:     1.44 kB
dist/assets/scan-search-CQRiFsIg.js                               0.46 kB │ gzip:   0.31 kB │ map:     1.48 kB
dist/assets/shield-user-CORkWTBj.js                               0.46 kB │ gzip:   0.34 kB │ map:     1.32 kB
dist/assets/volume-2-CCXRYNfT.js                                  0.46 kB │ gzip:   0.32 kB │ map:     1.28 kB
dist/assets/volume-x-DDaGtHnU.js                                  0.46 kB │ gzip:   0.32 kB │ map:     1.36 kB
dist/assets/badge-alert-By8qpREp.js                               0.46 kB │ gzip:   0.30 kB │ map:     1.37 kB
dist/assets/baggage-claim-B88Wlq0Q.js                             0.46 kB │ gzip:   0.32 kB │ map:     1.51 kB
dist/assets/pocket-knife-CMWC2-xa.js                              0.46 kB │ gzip:   0.31 kB │ map:     1.39 kB
dist/assets/sun-moon-Coa-lHqG.js                                  0.46 kB │ gzip:   0.32 kB │ map:     1.40 kB
dist/assets/swatch-book-Ww-tAoY8.js                               0.46 kB │ gzip:   0.31 kB │ map:     1.35 kB
dist/assets/trash-2-CiyAV2xI.js                                   0.46 kB │ gzip:   0.31 kB │ map:     1.32 kB
dist/assets/calendar-search-Cbhfdxbg.js                           0.46 kB │ gzip:   0.31 kB │ map:     1.50 kB
dist/assets/cloud-sun-BSLkSevn.js                                 0.46 kB │ gzip:   0.31 kB │ map:     1.44 kB
dist/assets/codepen-BT3u-a9o.js                                   0.46 kB │ gzip:   0.29 kB │ map:     1.45 kB
dist/assets/octagon-minus-DZOFsvrI.js                             0.46 kB │ gzip:   0.30 kB │ map:     1.24 kB
dist/assets/baby-BhYr7B32.js                                      0.47 kB │ gzip:   0.32 kB │ map:     1.32 kB
dist/assets/banknote-arrow-up-hxTXWFmv.js                         0.47 kB │ gzip:   0.31 kB │ map:     1.50 kB
dist/assets/scale-V7dmr96y.js                                     0.47 kB │ gzip:   0.31 kB │ map:     1.32 kB
dist/assets/sofa-Ct_T9I9N.js                                      0.47 kB │ gzip:   0.29 kB │ map:     1.38 kB
dist/assets/thermometer-sun-DjfjZk_q.js                           0.47 kB │ gzip:   0.30 kB │ map:     1.47 kB
dist/assets/chart-no-axes-combined-CKf4cEhD.js                    0.47 kB │ gzip:   0.31 kB │ map:     1.51 kB
dist/assets/git-fork-BEEZa2l_.js                                  0.47 kB │ gzip:   0.32 kB │ map:     1.42 kB
dist/assets/hat-glasses-XqtwpGM5.js                               0.47 kB │ gzip:   0.32 kB │ map:     1.47 kB
dist/assets/message-square-warning-I95tWaoN.js                    0.47 kB │ gzip:   0.33 kB │ map:     1.32 kB
dist/assets/paintbrush-vertical-D00GME8w.js                       0.47 kB │ gzip:   0.30 kB │ map:     1.40 kB
dist/assets/badge-dollar-sign-Dk7SSoCc.js                         0.47 kB │ gzip:   0.30 kB │ map:     1.32 kB
dist/assets/badge-percent-BT4t70ew.js                             0.47 kB │ gzip:   0.29 kB │ map:     1.37 kB
dist/assets/file-headphone-BOW4y3vJ.js                            0.47 kB │ gzip:   0.31 kB │ map:     1.35 kB
dist/assets/git-pull-request-draft-BNpXqUsz.js                    0.47 kB │ gzip:   0.32 kB │ map:     1.51 kB
dist/assets/message-circle-heart-BAT95eHu.js                      0.47 kB │ gzip:   0.33 kB │ map:     1.31 kB
dist/assets/ruler-tv_r2mpg.js                                     0.47 kB │ gzip:   0.29 kB │ map:     1.40 kB
dist/assets/banknote-arrow-down-B37SPFZ6.js                       0.47 kB │ gzip:   0.31 kB │ map:     1.52 kB
dist/assets/calendar-fold-CkNbAfD2.js                             0.47 kB │ gzip:   0.31 kB │ map:     1.43 kB
dist/assets/hand-metal-lRJPijOk.js                                0.47 kB │ gzip:   0.31 kB │ map:     1.36 kB
dist/assets/usb-WV5ROKfR.js                                       0.47 kB │ gzip:   0.31 kB │ map:     1.54 kB
dist/assets/file-diff-BE4sroJp.js                                 0.47 kB │ gzip:   0.33 kB │ map:     1.31 kB
dist/assets/folder-code-HpSvCnbH.js                               0.47 kB │ gzip:   0.33 kB │ map:     1.26 kB
dist/assets/piano-DiWClQtm.js                                     0.47 kB │ gzip:   0.30 kB │ map:     1.45 kB
dist/assets/bell-ring-CM2PChNX.js                                 0.47 kB │ gzip:   0.33 kB │ map:     1.35 kB
dist/assets/camera-V1Ufc9sC.js                                    0.47 kB │ gzip:   0.35 kB │ map:     1.20 kB
dist/assets/cloud-drizzle-F6Elylyz.js                             0.47 kB │ gzip:   0.29 kB │ map:     1.52 kB
dist/assets/cloud-hail-f-FBEazh.js                                0.47 kB │ gzip:   0.30 kB │ map:     1.51 kB
dist/assets/spline-pointer-HVG8CrbV.js                            0.47 kB │ gzip:   0.34 kB │ map:     1.43 kB
dist/assets/git-pull-request-arrow-C9_ZycDh.js                    0.47 kB │ gzip:   0.33 kB │ map:     1.48 kB
dist/assets/logs-CeA5M6m8.js                                      0.47 kB │ gzip:   0.27 kB │ map:     1.60 kB
dist/assets/magnet-t353Oql_.js                                    0.47 kB │ gzip:   0.30 kB │ map:     1.27 kB
dist/assets/test-tubes-CTKqM0Ac.js                                0.47 kB │ gzip:   0.29 kB │ map:     1.45 kB
dist/assets/haze-DxxcL4Am.js                                      0.47 kB │ gzip:   0.29 kB │ map:     1.55 kB
dist/assets/landmark-CuGxrUmD.js                                  0.47 kB │ gzip:   0.31 kB │ map:     1.47 kB
dist/assets/server-Le_hLOlf.js                                    0.47 kB │ gzip:   0.31 kB │ map:     1.49 kB
dist/assets/badge-swiss-franc-Cta0Lxye.js                         0.47 kB │ gzip:   0.29 kB │ map:     1.39 kB
dist/assets/car-front-DdEr7vq1.js                                 0.47 kB │ gzip:   0.33 kB │ map:     1.51 kB
dist/assets/fold-horizontal-DlH5aIuu.js                           0.47 kB │ gzip:   0.28 kB │ map:     1.60 kB
dist/assets/fold-vertical-BMLbHh0a.js                             0.47 kB │ gzip:   0.29 kB │ map:     1.59 kB
dist/assets/map-pinned-CSecF_NS.js                                0.47 kB │ gzip:   0.34 kB │ map:     1.35 kB
dist/assets/save-all-6PDA76Rt.js                                  0.47 kB │ gzip:   0.30 kB │ map:     1.35 kB
dist/assets/bell-electric-DXtVPt0w.js                             0.47 kB │ gzip:   0.33 kB │ map:     1.58 kB
dist/assets/car-Ch6DKghF.js                                       0.47 kB │ gzip:   0.34 kB │ map:     1.38 kB
dist/assets/chess-bishop-COCaAS-W.js                              0.47 kB │ gzip:   0.33 kB │ map:     1.39 kB
dist/assets/database-search-Dv2ReeWO.js                           0.47 kB │ gzip:   0.32 kB │ map:     1.55 kB
dist/assets/file-image-AAhkpxKa.js                                0.47 kB │ gzip:   0.33 kB │ map:     1.39 kB
dist/assets/hand-BYuTJQ4x.js                                      0.47 kB │ gzip:   0.31 kB │ map:     1.33 kB
dist/assets/rotate-3d-Cl9QLYob.js                                 0.47 kB │ gzip:   0.35 kB │ map:     1.32 kB
dist/assets/shield-off-hvYbQbe7.js                                0.47 kB │ gzip:   0.34 kB │ map:     1.33 kB
dist/assets/umbrella-off-CAjkVFjK.js                              0.47 kB │ gzip:   0.32 kB │ map:     1.42 kB
dist/assets/dices-DBui702r.js                                     0.48 kB │ gzip:   0.32 kB │ map:     1.51 kB
dist/assets/heart-crack-CB7N2cO1.js                               0.48 kB │ gzip:   0.34 kB │ map:     1.27 kB
dist/assets/kayak-CJH-f20H.js                                     0.48 kB │ gzip:   0.32 kB │ map:     1.34 kB
dist/assets/scan-text-Cl7WT2eB.js                                 0.48 kB │ gzip:   0.30 kB │ map:     1.51 kB
dist/assets/truck-Bt7ziyGj.js                                     0.48 kB │ gzip:   0.32 kB │ map:     1.45 kB
dist/assets/cloud-snow-DyFuvv-u.js                                0.48 kB │ gzip:   0.30 kB │ map:     1.51 kB
dist/assets/file-digit-B_eDCt1v.js                                0.48 kB │ gzip:   0.33 kB │ map:     1.48 kB
dist/assets/mail-search-DsyOQrD7.js                               0.48 kB │ gzip:   0.33 kB │ map:     1.43 kB
dist/assets/shield-ellipsis-t9Qlm_-W.js                           0.48 kB │ gzip:   0.32 kB │ map:     1.39 kB
dist/assets/unfold-horizontal-CDLzQy-y.js                         0.48 kB │ gzip:   0.29 kB │ map:     1.61 kB
dist/assets/anvil-C1ZrX1Q2.js                                     0.48 kB │ gzip:   0.30 kB │ map:     1.40 kB
dist/assets/cherry-De9nQKCk.js                                    0.48 kB │ gzip:   0.31 kB │ map:     1.32 kB
dist/assets/file-chart-column-bpz4hj_c.js                         0.48 kB │ gzip:   0.31 kB │ map:     1.46 kB
dist/assets/github-C_HTcRqt.js                                    0.48 kB │ gzip:   0.35 kB │ map:     1.22 kB
dist/assets/mail-question-mark-CZe5WN-J.js                        0.48 kB │ gzip:   0.33 kB │ map:     1.40 kB
dist/assets/plane-takeoff-eUbZiF6J.js                             0.48 kB │ gzip:   0.34 kB │ map:     1.25 kB
dist/assets/printer-x-VjCesNCn.js                                 0.48 kB │ gzip:   0.30 kB │ map:     1.39 kB
dist/assets/unfold-vertical-BLnEY4R7.js                           0.48 kB │ gzip:   0.29 kB │ map:     1.60 kB
dist/assets/aperture-CcVYx60H.js                                  0.48 kB │ gzip:   0.31 kB │ map:     1.54 kB
dist/assets/brick-wall-Dc7IQQM_.js                                0.48 kB │ gzip:   0.30 kB │ map:     1.63 kB
dist/assets/cigarette-off-RYX6Ftj9.js                             0.48 kB │ gzip:   0.30 kB │ map:     1.47 kB
dist/assets/factory-C3-WJQm6.js                                   0.48 kB │ gzip:   0.31 kB │ map:     1.35 kB
dist/assets/waves-arrow-up-C2p7sil-.js                            0.48 kB │ gzip:   0.28 kB │ map:     1.41 kB
dist/assets/locate-fixed-CMWt8mOc.js                              0.48 kB │ gzip:   0.29 kB │ map:     1.69 kB
dist/assets/align-vertical-distribute-center-Zzuz_CtL.js          0.48 kB │ gzip:   0.30 kB │ map:     1.68 kB
dist/assets/brush-cleaning-CqA7k1-C.js                            0.48 kB │ gzip:   0.31 kB │ map:     1.39 kB
dist/assets/circle-parking-off--SSn2gSp.js                        0.48 kB │ gzip:   0.32 kB │ map:     1.50 kB
dist/assets/cloud-moon-rain-BmdaWeVH.js                           0.48 kB │ gzip:   0.34 kB │ map:     1.39 kB
dist/assets/squirrel-CwHS6DqT.js                                  0.48 kB │ gzip:   0.33 kB │ map:     1.36 kB
dist/assets/text-cursor-input-DoS7hspP.js                         0.48 kB │ gzip:   0.29 kB │ map:     1.43 kB
dist/assets/file-play-DoB-B1Rr.js                                 0.48 kB │ gzip:   0.33 kB │ map:     1.33 kB
dist/assets/hamburger-Cs8lcggJ.js                                 0.48 kB │ gzip:   0.32 kB │ map:     1.37 kB
dist/assets/loader-CRsWQXUs.js                                    0.48 kB │ gzip:   0.29 kB │ map:     1.57 kB
dist/assets/phone-missed-CULAplkB.js                              0.48 kB │ gzip:   0.32 kB │ map:     1.31 kB
dist/assets/scissors-line-dashed-C5lRPHRm.js                      0.48 kB │ gzip:   0.31 kB │ map:     1.63 kB
dist/assets/toolbox-J5c7SmCC.js                                   0.48 kB │ gzip:   0.30 kB │ map:     1.41 kB
dist/assets/fileCommentAnnotations-BgdL_7u9.js                    0.48 kB │ gzip:   0.30 kB │ map:     2.97 kB
dist/assets/map-pin-house-BW6qg6FF.js                             0.48 kB │ gzip:   0.34 kB │ map:     1.44 kB
dist/assets/scan-heart-BALMs2ed.js                                0.48 kB │ gzip:   0.32 kB │ map:     1.43 kB
dist/assets/sticker-BxRdazhF.js                                   0.48 kB │ gzip:   0.31 kB │ map:     1.42 kB
dist/assets/zap-off-Ci9MXbmm.js                                   0.48 kB │ gzip:   0.33 kB │ map:     1.35 kB
dist/assets/piggy-bank-BSCV1LmA.js                                0.48 kB │ gzip:   0.31 kB │ map:     1.30 kB
dist/assets/roller-coaster-CJ2dwjJ2.js                            0.48 kB │ gzip:   0.30 kB │ map:     1.54 kB
dist/assets/scan-barcode-BFGoOzzD.js                              0.48 kB │ gzip:   0.30 kB │ map:     1.54 kB
dist/assets/wifi-pen-BrtfbOXL.js                                  0.48 kB │ gzip:   0.33 kB │ map:     1.36 kB
dist/assets/align-horizontal-distribute-center-DN634a2u.js        0.48 kB │ gzip:   0.30 kB │ map:     1.69 kB
dist/assets/file-pen-line-DgA0Ccd4.js                             0.48 kB │ gzip:   0.32 kB │ map:     1.35 kB
dist/assets/tags-CzR5mqyT.js                                      0.48 kB │ gzip:   0.34 kB │ map:     1.34 kB
dist/assets/tower-control-vJSdK32_.js                             0.48 kB │ gzip:   0.31 kB │ map:     1.55 kB
dist/assets/carrot-DlGgoPuE.js                                    0.49 kB │ gzip:   0.34 kB │ map:     1.29 kB
dist/assets/phone-incoming-D0qrtS3D.js                            0.49 kB │ gzip:   0.32 kB │ map:     1.33 kB
dist/assets/phone-outgoing-BX87Ad-T.js                            0.49 kB │ gzip:   0.32 kB │ map:     1.33 kB
dist/assets/plane-landing-VmrcvHhZ.js                             0.49 kB │ gzip:   0.35 kB │ map:     1.26 kB
dist/assets/cable-car-MVV4_eCD.js                                 0.49 kB │ gzip:   0.31 kB │ map:     1.63 kB
dist/assets/files-CQwG7JjF.js                                     0.49 kB │ gzip:   0.32 kB │ map:     1.25 kB
dist/assets/fire-extinguisher-KQ32Py-u.js                         0.49 kB │ gzip:   0.31 kB │ map:     1.50 kB
dist/assets/ham-_pQddqSM.js                                       0.49 kB │ gzip:   0.32 kB │ map:     1.38 kB
dist/assets/server-crash-iRajZ1dA.js                              0.49 kB │ gzip:   0.29 kB │ map:     1.48 kB
dist/assets/badge-indian-rupee-BDBk5FeU.js                        0.49 kB │ gzip:   0.30 kB │ map:     1.41 kB
dist/assets/badge-question-mark-CG5lUCk-.js                       0.49 kB │ gzip:   0.32 kB │ map:     1.40 kB
dist/assets/castle-CEm3mrn6.js                                    0.49 kB │ gzip:   0.30 kB │ map:     1.57 kB
dist/assets/clipboard-list-DhdVxhbJ.js                            0.49 kB │ gzip:   0.31 kB │ map:     1.59 kB
dist/assets/clover-D82swOt5.js                                    0.49 kB │ gzip:   0.29 kB │ map:     1.30 kB
dist/assets/hand-coins-C6w1Y7YF.js                                0.49 kB │ gzip:   0.34 kB │ map:     1.49 kB
dist/assets/notebook-text-C-oqAxWh.js                             0.49 kB │ gzip:   0.30 kB │ map:     1.66 kB
dist/assets/phone-forwarded-B-84qsjf.js                           0.49 kB │ gzip:   0.32 kB │ map:     1.34 kB
dist/assets/shopping-basket-CRosetdm.js                           0.49 kB │ gzip:   0.31 kB │ map:     1.55 kB
dist/assets/spotlight-BYSy1lWv.js                                 0.49 kB │ gzip:   0.33 kB │ map:     1.44 kB
dist/assets/sunset-BL9fUQMV.js                                    0.49 kB │ gzip:   0.30 kB │ map:     1.58 kB
dist/assets/map-minus-CJw6CYMl.js                                 0.49 kB │ gzip:   0.33 kB │ map:     1.37 kB
dist/assets/sunrise-DlNqp1Pj.js                                   0.49 kB │ gzip:   0.30 kB │ map:     1.58 kB
dist/assets/boom-box-DJQR-16_.js                                  0.49 kB │ gzip:   0.32 kB │ map:     1.63 kB
dist/assets/camera-off-fJlwv1QY.js                                0.49 kB │ gzip:   0.33 kB │ map:     1.39 kB
dist/assets/folder-git-CoMYGJp_.js                                0.49 kB │ gzip:   0.34 kB │ map:     1.37 kB
dist/assets/transgender-3h4weuoe.js                               0.49 kB │ gzip:   0.31 kB │ map:     1.63 kB
dist/assets/browserLinkTarget-BWxUjin9.js                         0.49 kB │ gzip:   0.33 kB │ map:     3.98 kB
dist/assets/map-D_klSmqJ.js                                       0.49 kB │ gzip:   0.32 kB │ map:     1.28 kB
dist/assets/bot-off-t_YHByfv.js                                   0.49 kB │ gzip:   0.31 kB │ map:     1.52 kB
dist/assets/calendar-range-Ot-NcEPt.js                            0.49 kB │ gzip:   0.31 kB │ map:     1.67 kB
dist/assets/group-B_TdwnsQ.js                                     0.49 kB │ gzip:   0.33 kB │ map:     1.56 kB
dist/assets/redirect-D3L17tzd.js                                  0.49 kB │ gzip:   0.32 kB │ map:     3.47 kB
dist/assets/waypoints-EO133CtL.js                                 0.49 kB │ gzip:   0.29 kB │ map:     1.64 kB
dist/assets/barrel-C4hJ3zGl.js                                    0.49 kB │ gzip:   0.29 kB │ map:     1.43 kB
dist/assets/construction-B7y4rUmt.js                              0.49 kB │ gzip:   0.31 kB │ map:     1.66 kB
dist/assets/flashlight-off-DGoEDnEI.js                            0.49 kB │ gzip:   0.33 kB │ map:     1.48 kB
dist/assets/headphone-off-ow2XlvOA.js                             0.49 kB │ gzip:   0.32 kB │ map:     1.46 kB
dist/assets/scan-face-BVj_bn3F.js                                 0.49 kB │ gzip:   0.31 kB │ map:     1.53 kB
dist/assets/align-center-vertical-CAnI7Q7K.js                     0.50 kB │ gzip:   0.31 kB │ map:     1.47 kB
dist/assets/git-pull-request-closed-BkRFT_Rl.js                   0.50 kB │ gzip:   0.33 kB │ map:     1.56 kB
dist/assets/house-plug-DQZz1qqC.js                                0.50 kB │ gzip:   0.31 kB │ map:     1.40 kB
dist/assets/octagon-x-a0lI3nnt.js                                 0.50 kB │ gzip:   0.31 kB │ map:     1.31 kB
dist/assets/wine-off-BmqOrihe.js                                  0.50 kB │ gzip:   0.35 kB │ map:     1.47 kB
dist/assets/badge-pound-sterling-DFj-vYQ0.js                      0.50 kB │ gzip:   0.31 kB │ map:     1.43 kB
dist/assets/biceps-flexed-CfLkMBkg.js                             0.50 kB │ gzip:   0.36 kB │ map:     1.34 kB
dist/assets/file-signal-zf7T6wlI.js                               0.50 kB │ gzip:   0.32 kB │ map:     1.45 kB
dist/assets/van-B84gGnzn.js                                       0.50 kB │ gzip:   0.33 kB │ map:     1.48 kB
dist/assets/file-pen-BR6CQBRB.js                                  0.50 kB │ gzip:   0.34 kB │ map:     1.34 kB
dist/assets/list-ordered-f2n8ZhGo.js                              0.50 kB │ gzip:   0.32 kB │ map:     1.45 kB
dist/assets/package-minus-D6d56oZZ.js                             0.50 kB │ gzip:   0.34 kB │ map:     1.50 kB
dist/assets/phone-call-fO4A0vwS.js                                0.50 kB │ gzip:   0.32 kB │ map:     1.32 kB
dist/assets/waves-B0c_DKmj.js                                     0.50 kB │ gzip:   0.27 kB │ map:     1.36 kB
dist/assets/file-type-BVuFPK_z.js                                 0.50 kB │ gzip:   0.32 kB │ map:     1.44 kB
dist/assets/alarm-smoke-Ib0_1WQr.js                               0.50 kB │ gzip:   0.30 kB │ map:     1.44 kB
dist/assets/align-center-horizontal-X_ZrtzcJ.js                   0.50 kB │ gzip:   0.30 kB │ map:     1.48 kB
dist/assets/calendar-heart-CHhIaY9N.js                            0.50 kB │ gzip:   0.33 kB │ map:     1.48 kB
dist/assets/chart-candlestick-uthj1Hi-.js                         0.50 kB │ gzip:   0.32 kB │ map:     1.68 kB
dist/assets/file-chart-column-increasing-BKG3mKAg.js              0.50 kB │ gzip:   0.32 kB │ map:     1.53 kB
dist/assets/file-type-corner-BtXwG-sd.js                          0.50 kB │ gzip:   0.32 kB │ map:     1.48 kB
dist/assets/folder-sync-DjIHuRZ0.js                               0.50 kB │ gzip:   0.32 kB │ map:     1.45 kB
dist/assets/wand-BB-th9NK.js                                      0.50 kB │ gzip:   0.30 kB │ map:     1.64 kB
dist/assets/clock-fading-DLnXFku7.js                              0.50 kB │ gzip:   0.32 kB │ map:     1.49 kB
dist/assets/file-sliders-BJpDuqnu.js                              0.50 kB │ gzip:   0.31 kB │ map:     1.52 kB
dist/assets/package-x-BomKVhaF.js                                 0.50 kB │ gzip:   0.34 kB │ map:     1.49 kB
dist/assets/atom-CifBITJz.js                                      0.50 kB │ gzip:   0.33 kB │ map:     1.36 kB
dist/assets/bean-off-CG95WbbZ.js                                  0.50 kB │ gzip:   0.36 kB │ map:     1.45 kB
dist/assets/octagon-pause-CS3vR8uR.js                             0.50 kB │ gzip:   0.31 kB │ map:     1.34 kB
dist/assets/sliders-vertical-B8O3qwxD.js                          0.50 kB │ gzip:   0.29 kB │ map:     1.69 kB
dist/assets/bot-message-square-JVqjXw9T.js                        0.50 kB │ gzip:   0.32 kB │ map:     1.55 kB
dist/assets/megaphone-off-B28Gya7I.js                             0.50 kB │ gzip:   0.33 kB │ map:     1.45 kB
dist/assets/package-check-BBQOR_cb.js                             0.50 kB │ gzip:   0.34 kB │ map:     1.51 kB
dist/assets/ruler-dimension-line-SwUI7_EV.js                      0.50 kB │ gzip:   0.31 kB │ map:     1.70 kB
dist/assets/briefcase-conveyor-belt-A-ucIBLT.js                   0.50 kB │ gzip:   0.32 kB │ map:     1.66 kB
dist/assets/file-code-corner-Dt6PpZnb.js                          0.50 kB │ gzip:   0.34 kB │ map:     1.39 kB
dist/assets/medal-DIElHrMp.js                                     0.50 kB │ gzip:   0.34 kB │ map:     1.52 kB
dist/assets/replace-TR5P4Ere.js                                   0.50 kB │ gzip:   0.32 kB │ map:     1.59 kB
dist/assets/shredder-UZiTuddq.js                                  0.50 kB │ gzip:   0.32 kB │ map:     1.57 kB
dist/assets/folder-git-2-BxqGR5ht.js                              0.51 kB │ gzip:   0.35 kB │ map:     1.42 kB
dist/assets/milk-off-xNWV3TML.js                                  0.51 kB │ gzip:   0.35 kB │ map:     1.42 kB
dist/assets/book-open-text-B3HF8-PC.js                            0.51 kB │ gzip:   0.30 kB │ map:     1.53 kB
dist/assets/combine-CKsEbHRY.js                                   0.51 kB │ gzip:   0.31 kB │ map:     1.58 kB
dist/assets/route-off-DsWNSdqZ.js                                 0.51 kB │ gzip:   0.33 kB │ map:     1.60 kB
dist/assets/file-archive-B1SHm8x6.js                              0.51 kB │ gzip:   0.34 kB │ map:     1.55 kB
dist/assets/package-CeeyHFJU.js                                   0.51 kB │ gzip:   0.35 kB │ map:     1.34 kB
dist/assets/church-BttmRL68.js                                    0.51 kB │ gzip:   0.33 kB │ map:     1.47 kB
dist/assets/rat-D0icB7zg.js                                       0.51 kB │ gzip:   0.34 kB │ map:     1.43 kB
dist/assets/chess-rook-3T1nDW1-.js                                0.51 kB │ gzip:   0.31 kB │ map:     1.56 kB
dist/assets/clipboard-pen-DduHvn3I.js                             0.51 kB │ gzip:   0.35 kB │ map:     1.47 kB
dist/assets/ear-off-Dw3ixrN3.js                                   0.51 kB │ gzip:   0.36 kB │ map:     1.46 kB
dist/assets/fence-B2A1QHIQ.js                                     0.51 kB │ gzip:   0.29 kB │ map:     1.53 kB
dist/assets/rabbit-CaRy07z3.js                                    0.51 kB │ gzip:   0.34 kB │ map:     1.44 kB
dist/assets/chart-network-C_49VfGR.js                             0.51 kB │ gzip:   0.33 kB │ map:     1.65 kB
dist/assets/database-backup-DzJNdhgp.js                           0.51 kB │ gzip:   0.34 kB │ map:     1.59 kB
dist/assets/grip-vertical-B8ERFH5y.js                             0.51 kB │ gzip:   0.29 kB │ map:     1.64 kB
dist/assets/pizza-JIRLQGTe.js                                     0.51 kB │ gzip:   0.34 kB │ map:     1.44 kB
dist/assets/rose-CO2s5bFg.js                                      0.51 kB │ gzip:   0.36 kB │ map:     1.48 kB
dist/assets/sandwich-DxfNpTTN.js                                  0.51 kB │ gzip:   0.35 kB │ map:     1.48 kB
dist/assets/badge-japanese-yen-YC7fnZgi.js                        0.51 kB │ gzip:   0.31 kB │ map:     1.50 kB
dist/assets/smile-plus-20kjE9KX.js                                0.51 kB │ gzip:   0.34 kB │ map:     1.54 kB
dist/assets/traffic-cone-BA1ro33b.js                              0.51 kB │ gzip:   0.34 kB │ map:     1.41 kB
dist/assets/flower-2-Dg2oUa86.js                                  0.52 kB │ gzip:   0.33 kB │ map:     1.48 kB
dist/assets/shrimp-Cs7DWACM.js                                    0.52 kB │ gzip:   0.35 kB │ map:     1.45 kB
dist/assets/calendar-arrow-up-Cs2MbLyZ.js                         0.52 kB │ gzip:   0.34 kB │ map:     1.50 kB
dist/assets/leafy-green-BFy7tEEj.js                               0.52 kB │ gzip:   0.35 kB │ map:     1.28 kB
dist/assets/school-CgCL6U3i.js                                    0.52 kB │ gzip:   0.34 kB │ map:     1.54 kB
dist/assets/chess-king-CfixTL3L.js                                0.52 kB │ gzip:   0.35 kB │ map:     1.42 kB
dist/assets/git-branch-plus-BQ_ISFgF.js                           0.52 kB │ gzip:   0.33 kB │ map:     1.49 kB
dist/assets/bus-BNQ7aqBy.js                                       0.52 kB │ gzip:   0.34 kB │ map:     1.61 kB
dist/assets/car-taxi-front-BmqCd8_r.js                            0.52 kB │ gzip:   0.34 kB │ map:     1.64 kB
dist/assets/handshake-CkFaIx-e.js                                 0.52 kB │ gzip:   0.34 kB │ map:     1.47 kB
dist/assets/amphora-B6m1rEYZ.js                                   0.52 kB │ gzip:   0.33 kB │ map:     1.50 kB
dist/assets/container-DgmOT6sV.js                                 0.52 kB │ gzip:   0.35 kB │ map:     1.47 kB
dist/assets/shovel-BHQgFa2a.js                                    0.52 kB │ gzip:   0.34 kB │ map:     1.36 kB
dist/assets/hand-grab-bIEI2DYs.js                                 0.52 kB │ gzip:   0.30 kB │ map:     1.45 kB
dist/assets/notebook-tabs-CQXcoNCb.js                             0.52 kB │ gzip:   0.31 kB │ map:     1.75 kB
dist/assets/phone-off-DLcm8Q_0.js                                 0.52 kB │ gzip:   0.34 kB │ map:     1.37 kB
dist/assets/server-off-ZxIMO_fT.js                                0.52 kB │ gzip:   0.33 kB │ map:     1.50 kB
dist/assets/bus-front-DHKeoxXb.js                                 0.52 kB │ gzip:   0.32 kB │ map:     1.73 kB
dist/assets/file-text-xj3y_Xbg.js                                 0.52 kB │ gzip:   0.34 kB │ map:     1.43 kB
dist/assets/quote-zNyOHYG3.js                                     0.52 kB │ gzip:   0.30 kB │ map:     1.25 kB
dist/assets/calendar-arrow-down-CAFi0Chs.js                       0.52 kB │ gzip:   0.34 kB │ map:     1.53 kB
dist/assets/file-video-camera-hdozxGQA.js                         0.52 kB │ gzip:   0.37 kB │ map:     1.53 kB
dist/assets/footprints-CfXnilLi.js                                0.52 kB │ gzip:   0.35 kB │ map:     1.44 kB
dist/assets/squares-subtract-BblT0EEr.js                          0.52 kB │ gzip:   0.31 kB │ map:     1.57 kB
dist/assets/map-plus-X68xOEyW.js                                  0.53 kB │ gzip:   0.34 kB │ map:     1.46 kB
dist/assets/cat-C90ygv9K.js                                       0.53 kB │ gzip:   0.37 kB │ map:     1.38 kB
dist/assets/helicopter-DfFwqrFt.js                                0.53 kB │ gzip:   0.32 kB │ map:     1.64 kB
dist/assets/rocket-CwCmcGcu.js                                    0.53 kB │ gzip:   0.36 kB │ map:     1.43 kB
dist/assets/keyboard-music-DS4n7Qzr.js                            0.53 kB │ gzip:   0.31 kB │ map:     1.76 kB
dist/assets/tickets-plane-DSJH9lVD.js                             0.53 kB │ gzip:   0.35 kB │ map:     1.64 kB
dist/assets/hammer-BRTj-Vot.js                                    0.53 kB │ gzip:   0.38 kB │ map:     1.30 kB
dist/assets/key-square-CzXDXrk_.js                                0.53 kB │ gzip:   0.33 kB │ map:     1.38 kB
dist/assets/origami-COBiD52P.js                                   0.53 kB │ gzip:   0.36 kB │ map:     1.37 kB
dist/assets/file-badge-HVbiBUr9.js                                0.53 kB │ gzip:   0.36 kB │ map:     1.48 kB
dist/assets/pointer-wVhBL3Mh.js                                   0.53 kB │ gzip:   0.32 kB │ map:     1.47 kB
dist/assets/train-front-tunnel-D1ibnz9M.js                        0.53 kB │ gzip:   0.33 kB │ map:     1.61 kB
dist/assets/earth-lock-DlGysd4o.js                                0.53 kB │ gzip:   0.35 kB │ map:     1.57 kB
dist/assets/scan-eye-BvChOtfs.js                                  0.53 kB │ gzip:   0.33 kB │ map:     1.56 kB
dist/assets/square-scissors-CsmAFkv_.js                           0.53 kB │ gzip:   0.33 kB │ map:     1.77 kB
dist/assets/beer-DrHYnHWD.js                                      0.54 kB │ gzip:   0.34 kB │ map:     1.46 kB
dist/assets/volleyball-izkohZet.js                                0.54 kB │ gzip:   0.33 kB │ map:     1.55 kB
dist/assets/tree-palm-C1Lc52aO.js                                 0.54 kB │ gzip:   0.37 kB │ map:     1.43 kB
dist/assets/file-scan-BYz5xSr2.js                                 0.54 kB │ gzip:   0.32 kB │ map:     1.55 kB
dist/assets/heart-handshake-DAfJiLyz.js                           0.54 kB │ gzip:   0.35 kB │ map:     1.26 kB
dist/assets/ScopedSwitch-DsGS02IN.js                              0.54 kB │ gzip:   0.39 kB │ map:     1.79 kB
dist/assets/chess-knight-Dqcnmxl2.js                              0.54 kB │ gzip:   0.35 kB │ map:     1.52 kB
dist/assets/panel-top-bottom-dashed-B8d6vHD0.js                   0.54 kB │ gzip:   0.31 kB │ map:     1.81 kB
dist/assets/film-CYJIuMHb.js                                      0.54 kB │ gzip:   0.34 kB │ map:     1.62 kB
dist/assets/sun-dim-BZ904fJn.js                                   0.54 kB │ gzip:   0.30 kB │ map:     1.72 kB
dist/assets/waves-arrow-down-DLmNl4Qo.js                          0.54 kB │ gzip:   0.34 kB │ map:     1.49 kB
dist/assets/figma-BICSsBeA.js                                     0.54 kB │ gzip:   0.30 kB │ map:     1.44 kB
dist/assets/siren-DwrOMFea.js                                     0.54 kB │ gzip:   0.33 kB │ map:     1.64 kB
dist/assets/onboarding-BLT8BrnR.js                                0.54 kB │ gzip:   0.33 kB │ map:     2.74 kB
dist/assets/pen-tool-CL77rVLe.js                                  0.54 kB │ gzip:   0.35 kB │ map:     1.48 kB
dist/assets/save-off-BUBcsOEs.js                                  0.54 kB │ gzip:   0.34 kB │ map:     1.59 kB
dist/assets/image-off-CK9t5L6r.js                                 0.54 kB │ gzip:   0.35 kB │ map:     1.67 kB
dist/assets/panel-left-right-dashed-DFe4pKFc.js                   0.54 kB │ gzip:   0.31 kB │ map:     1.82 kB
dist/assets/circle-fading-plus-vWXTPqLk.js                        0.55 kB │ gzip:   0.33 kB │ map:     1.63 kB
dist/assets/ferris-wheel-CeVyZYNb.js                              0.55 kB │ gzip:   0.33 kB │ map:     1.75 kB
dist/assets/file-braces-corner-Cw-Jjc9e.js                        0.55 kB │ gzip:   0.32 kB │ map:     1.50 kB
dist/assets/salad-Cv5oAhHc.js                                     0.55 kB │ gzip:   0.33 kB │ map:     1.47 kB
dist/assets/cloud-sun-rain-Co4g0_ce.js                            0.55 kB │ gzip:   0.33 kB │ map:     1.67 kB
dist/assets/file-chart-pie-DOufmdU_.js                            0.55 kB │ gzip:   0.36 kB │ map:     1.48 kB
dist/assets/hand-platter-DwlWksEQ.js                              0.55 kB │ gzip:   0.36 kB │ map:     1.57 kB
dist/assets/trophy-CvAFvobV.js                                    0.55 kB │ gzip:   0.33 kB │ map:     1.51 kB
dist/assets/wifi-sync-4GNZ71Kl.js                                 0.55 kB │ gzip:   0.34 kB │ map:     1.59 kB
dist/assets/message-square-heart-BrQzDQX-.js                      0.55 kB │ gzip:   0.36 kB │ map:     1.39 kB
dist/assets/ship-tTuETf88.js                                      0.55 kB │ gzip:   0.34 kB │ map:     1.50 kB
dist/assets/microchip-Cyh94hHp.js                                 0.55 kB │ gzip:   0.31 kB │ map:     1.82 kB
dist/assets/lamp-desk-Dtjh_uzF.js                                 0.55 kB │ gzip:   0.35 kB │ map:     1.45 kB
dist/assets/map-pin-off-BY-6Uozg.js                               0.55 kB │ gzip:   0.36 kB │ map:     1.50 kB
dist/assets/volume-off-DdXNe1oh.js                                0.55 kB │ gzip:   0.36 kB │ map:     1.50 kB
dist/assets/notebook-pen-De2CbfPp.js                              0.55 kB │ gzip:   0.34 kB │ map:     1.57 kB
dist/assets/webhook-off-CVWsGDLS.js                               0.55 kB │ gzip:   0.36 kB │ map:     1.60 kB
dist/assets/cake-CZiiLyHv.js                                      0.56 kB │ gzip:   0.31 kB │ map:     1.69 kB
dist/assets/circle-star-BGJr21SH.js                               0.56 kB │ gzip:   0.36 kB │ map:     1.35 kB
dist/assets/image-upscale-BF8MggXq.js                             0.56 kB │ gzip:   0.35 kB │ map:     1.73 kB
dist/assets/layers-BqgDAlx3.js                                    0.56 kB │ gzip:   0.34 kB │ map:     1.39 kB
dist/assets/solar-panel-DSc6XnZ4.js                               0.56 kB │ gzip:   0.35 kB │ map:     1.64 kB
dist/assets/sun-medium-Blqh3xRX.js                                0.56 kB │ gzip:   0.32 kB │ map:     1.75 kB
dist/assets/drill-DAHbsy4y.js                                     0.56 kB │ gzip:   0.33 kB │ map:     1.56 kB
dist/assets/soap-dispenser-droplet-Dm7fIAaF.js                    0.56 kB │ gzip:   0.37 kB │ map:     1.53 kB
dist/assets/layers-plus-PZuH77r2.js                               0.56 kB │ gzip:   0.33 kB │ map:     1.51 kB
dist/assets/cctv-DqlyUMnC.js                                      0.56 kB │ gzip:   0.36 kB │ map:     1.51 kB
dist/assets/thermometer-snowflake-CBWdSnH0.js                     0.56 kB │ gzip:   0.35 kB │ map:     1.73 kB
dist/assets/circle-fading-arrow-up-C-QKg1C8.js                    0.56 kB │ gzip:   0.34 kB │ map:     1.66 kB
dist/assets/mouse-pointer-click-DsDE4K7M.js                       0.56 kB │ gzip:   0.38 kB │ map:     1.53 kB
dist/assets/cable-B_ClDesT.js                                     0.56 kB │ gzip:   0.32 kB │ map:     1.61 kB
dist/assets/package-search-DH6gyvS0.js                            0.56 kB │ gzip:   0.38 kB │ map:     1.67 kB
dist/assets/square-dashed-top-solid-BLZ_seQZ.js                   0.56 kB │ gzip:   0.31 kB │ map:     1.79 kB
dist/assets/pointer-off-5lxLKWJp.js                               0.56 kB │ gzip:   0.36 kB │ map:     1.60 kB
dist/assets/eye-off-BJFC-Vn7.js                                   0.57 kB │ gzip:   0.37 kB │ map:     1.43 kB
dist/assets/scan-qr-code-CkqhQ4N5.js                              0.57 kB │ gzip:   0.35 kB │ map:     1.73 kB
dist/assets/calendar-sync-DKxpjr2R.js                             0.57 kB │ gzip:   0.34 kB │ map:     1.69 kB
dist/assets/store-D2pOODRJ.js                                     0.57 kB │ gzip:   0.34 kB │ map:     1.37 kB
dist/assets/createLucideIcon-CacG5mZC.js                          0.57 kB │ gzip:   0.39 kB │ map:     3.60 kB
dist/assets/flowDiagram-HODETNUW-DK2F-ben.js                      0.57 kB │ gzip:   0.31 kB
dist/assets/hand-heart-BjDvGIfb.js                                0.57 kB │ gzip:   0.39 kB │ map:     1.49 kB
dist/assets/octagon-alert-BKVCgU--.js                             0.57 kB │ gzip:   0.34 kB │ map:     1.38 kB
dist/assets/sliders-horizontal-lg5XUMZM.js                        0.57 kB │ gzip:   0.33 kB │ map:     1.74 kB
dist/assets/square-star-DpJr-dVf.js                               0.57 kB │ gzip:   0.38 kB │ map:     1.39 kB
dist/assets/calendar-days-Ddehrj4o.js                             0.57 kB │ gzip:   0.32 kB │ map:     1.86 kB
dist/assets/clipboard-pen-line-BToChWvt.js                        0.57 kB │ gzip:   0.37 kB │ map:     1.61 kB
dist/assets/radar-B15wKw9P.js                                     0.57 kB │ gzip:   0.36 kB │ map:     1.68 kB
dist/assets/file-spreadsheet-Boc78Vjm.js                          0.57 kB │ gzip:   0.36 kB │ map:     1.58 kB
dist/assets/shower-head-IvosDffh.js                               0.57 kB │ gzip:   0.31 kB │ map:     1.80 kB
dist/assets/grip-TF6wiYW3.js                                      0.57 kB │ gzip:   0.28 kB │ map:     1.96 kB
dist/assets/unplug-Dg15iaHA.js                                    0.57 kB │ gzip:   0.36 kB │ map:     1.53 kB
dist/assets/hotel-BPBroaSq.js                                     0.58 kB │ gzip:   0.34 kB │ map:     1.83 kB
dist/assets/chart-scatter-DIxoL2yL.js                             0.58 kB │ gzip:   0.30 kB │ map:     1.78 kB
dist/assets/dam-BbCkk979.js                                       0.58 kB │ gzip:   0.33 kB │ map:     1.62 kB
dist/assets/refresh-cw-off-Bc1E73un.js                            0.58 kB │ gzip:   0.36 kB │ map:     1.64 kB
dist/assets/panda-KqO_m8q9.js                                     0.58 kB │ gzip:   0.37 kB │ map:     1.57 kB
dist/assets/codeowners-C8r90Shi.js                                0.58 kB │ gzip:   0.34 kB │ map:     1.10 kB
dist/assets/brick-wall-fire-viiGUKCP.js                           0.59 kB │ gzip:   0.37 kB │ map:     1.70 kB
dist/assets/ambulance-CkxwnoEO.js                                 0.59 kB │ gzip:   0.36 kB │ map:     1.71 kB
dist/assets/file-volume-CaSagfWZ.js                               0.59 kB │ gzip:   0.37 kB │ map:     1.51 kB
dist/assets/wand-sparkles-CEleysk3.js                             0.59 kB │ gzip:   0.34 kB │ map:     1.74 kB
dist/assets/radio-tower-CT5Np78y.js                               0.59 kB │ gzip:   0.39 kB │ map:     1.64 kB
dist/assets/ship-wheel-9xepqu4a.js                                0.59 kB │ gzip:   0.34 kB │ map:     1.88 kB
dist/assets/star-off-D2QAIBWA.js                                  0.59 kB │ gzip:   0.38 kB │ map:     1.44 kB
dist/assets/package-plus-Cl7EzKuY.js                              0.60 kB │ gzip:   0.40 kB │ map:     1.63 kB
dist/assets/soup-DXp5jYai.js                                      0.60 kB │ gzip:   0.33 kB │ map:     1.63 kB
dist/assets/tool-case-COm_dbVN.js                                 0.60 kB │ gzip:   0.39 kB │ map:     1.54 kB
dist/assets/university-BtqD6vw5.js                                0.60 kB │ gzip:   0.36 kB │ map:     1.70 kB
dist/assets/wifi-off-DtJhRDhE.js                                  0.60 kB │ gzip:   0.37 kB │ map:     1.59 kB
dist/assets/spray-can-B4aHtQms.js                                 0.60 kB │ gzip:   0.34 kB │ map:     1.86 kB
dist/assets/unlink-DjvEKXOE.js                                    0.60 kB │ gzip:   0.35 kB │ map:     1.79 kB
dist/assets/theater-NjyrHdAR.js                                   0.60 kB │ gzip:   0.32 kB │ map:     1.76 kB
dist/assets/guitar-DsQFtSjI.js                                    0.60 kB │ gzip:   0.37 kB │ map:     1.50 kB
dist/assets/hand-fist-Dre-GuhR.js                                 0.60 kB │ gzip:   0.38 kB │ map:     1.48 kB
dist/assets/user-star-DIwub3Dq.js                                 0.60 kB │ gzip:   0.39 kB │ map:     1.45 kB
dist/assets/radiation-DGSFVDOR.js                                 0.60 kB │ gzip:   0.36 kB │ map:     1.55 kB
dist/assets/sun-C8irSiA-.js                                       0.60 kB │ gzip:   0.35 kB │ map:     1.72 kB
dist/assets/calculator-IYUGemm8.js                                0.60 kB │ gzip:   0.34 kB │ map:     1.97 kB
dist/assets/keyboard-off-D700lRG_.js                              0.60 kB │ gzip:   0.34 kB │ map:     1.84 kB
dist/assets/star-DJ6Ycqv6.js                                      0.60 kB │ gzip:   0.40 kB │ map:     1.23 kB
dist/assets/bow-arrow-BZjjM33v.js                                 0.61 kB │ gzip:   0.38 kB │ map:     1.57 kB
dist/assets/heater-B3y-_HJA.js                                    0.61 kB │ gzip:   0.33 kB │ map:     1.83 kB
dist/assets/truck-electric-ai168LZI.js                            0.61 kB │ gzip:   0.37 kB │ map:     1.77 kB
dist/assets/file-braces-CcggTVd0.js                               0.61 kB │ gzip:   0.36 kB │ map:     1.50 kB
dist/assets/tractor-1g_KedEI.js                                   0.61 kB │ gzip:   0.37 kB │ map:     1.82 kB
dist/assets/file-box-DC0odiOV.js                                  0.61 kB │ gzip:   0.38 kB │ map:     1.58 kB
dist/assets/grape-DJWUvIcl.js                                     0.61 kB │ gzip:   0.33 kB │ map:     1.97 kB
dist/assets/lasso-select-D4EUdkMY.js                              0.62 kB │ gzip:   0.40 kB │ map:     1.61 kB
dist/assets/folder-tree-CIpeR87A.js                               0.62 kB │ gzip:   0.36 kB │ map:     1.51 kB
dist/assets/drone-B6wkqQu1.js                                     0.62 kB │ gzip:   0.36 kB │ map:     1.82 kB
dist/assets/swords-BJidk0Jk.js                                    0.62 kB │ gzip:   0.34 kB │ map:     1.95 kB
dist/assets/chunk-POPQ4Y6H-EFuiAf2K.js                            0.62 kB │ gzip:   0.44 kB │ map:     2.32 kB
dist/assets/use-atom-command-DAOHbvT9.js                          0.62 kB │ gzip:   0.40 kB │ map:     2.16 kB
dist/assets/useAriaLabelledBy-BspwO0uM.js                         0.63 kB │ gzip:   0.43 kB │ map:     3.54 kB
dist/assets/codesandbox-OOSSF7nq.js                               0.63 kB │ gzip:   0.37 kB │ map:     1.69 kB
dist/assets/drama-Ddrpp2_5.js                                     0.63 kB │ gzip:   0.38 kB │ map:     1.74 kB
dist/assets/triangle-dashed-BbK2pHvi.js                           0.63 kB │ gzip:   0.36 kB │ map:     1.83 kB
dist/assets/paint-bucket--5VUW3vD.js                              0.63 kB │ gzip:   0.39 kB │ map:     1.56 kB
dist/assets/sparkles-cStmYKbH.js                                  0.63 kB │ gzip:   0.38 kB │ map:     1.50 kB
dist/assets/dumbbell-BUaZKsBW.js                                  0.63 kB │ gzip:   0.35 kB │ map:     1.61 kB
dist/assets/binoculars-CtL4T2NZ.js                                0.63 kB │ gzip:   0.34 kB │ map:     1.68 kB
dist/assets/building-BINifcKi.js                                  0.64 kB │ gzip:   0.34 kB │ map:     1.97 kB
dist/assets/vector-square-DIJKKdgv.js                             0.64 kB │ gzip:   0.32 kB │ map:     1.98 kB
dist/assets/candy-CUmDV9q8.js                                     0.64 kB │ gzip:   0.36 kB │ map:     1.63 kB
dist/assets/sun-snow-QdgR87Qz.js                                  0.64 kB │ gzip:   0.36 kB │ map:     1.93 kB
dist/assets/puzzle-Df6hPSJS.js                                    0.64 kB │ gzip:   0.32 kB │ map:     1.32 kB
dist/assets/replace-all-Brk_GOKp.js                               0.64 kB │ gzip:   0.35 kB │ map:     1.88 kB
dist/assets/chess-queen-BzJA0S2V.js                               0.64 kB │ gzip:   0.38 kB │ map:     1.85 kB
dist/assets/table-columns-split-IP_JhrQI.js                       0.64 kB │ gzip:   0.34 kB │ map:     1.97 kB
dist/assets/table-rows-split-CvB3oy5e.js                          0.64 kB │ gzip:   0.34 kB │ map:     1.96 kB
dist/assets/square-dashed-cXAa-03Q.js                             0.65 kB │ gzip:   0.32 kB │ map:     2.01 kB
dist/assets/WorkspacePageContainer-5A4wY-mG.js                    0.65 kB │ gzip:   0.47 kB │ map:     2.03 kB
dist/assets/recycle-Dsq-bUsu.js                                   0.65 kB │ gzip:   0.40 kB │ map:     1.72 kB
dist/assets/ribbon-C6OJu6nN.js                                    0.65 kB │ gzip:   0.42 kB │ map:     1.60 kB
dist/assets/package-open-DKO008KD.js                              0.66 kB │ gzip:   0.39 kB │ map:     1.62 kB
dist/assets/book-dashed-hFvh1YF-.js                               0.66 kB │ gzip:   0.35 kB │ map:     1.95 kB
dist/assets/flower-C6iQVTRs.js                                    0.66 kB │ gzip:   0.36 kB │ map:     1.93 kB
dist/assets/nut-ByX0RwNZ.js                                       0.66 kB │ gzip:   0.45 kB │ map:     1.48 kB
dist/assets/pickaxe-s9mZ1cBb.js                                   0.66 kB │ gzip:   0.40 kB │ map:     1.60 kB
dist/assets/croissant--PipHyfp.js                                 0.67 kB │ gzip:   0.38 kB │ map:     1.61 kB
dist/assets/dna-off-Cw66ztD6.js                                   0.67 kB │ gzip:   0.39 kB │ map:     1.89 kB
dist/assets/memory-stick-C7kBEkBW.js                              0.67 kB │ gzip:   0.37 kB │ map:     1.99 kB
dist/assets/slack-DpTH91wV.js                                     0.67 kB │ gzip:   0.36 kB │ map:     1.98 kB
dist/assets/paintbrush-D1BKpWrm.js                                0.68 kB │ gzip:   0.44 kB │ map:     1.50 kB
dist/assets/runtimeModeConfig-DKj6PlUP.js                         0.68 kB │ gzip:   0.40 kB │ map:     1.71 kB
dist/assets/satellite-8tTKrmRr.js                                 0.68 kB │ gzip:   0.35 kB │ map:     1.69 kB
dist/assets/fish-DqdsVhHk.js                                      0.68 kB │ gzip:   0.44 kB │ map:     1.73 kB
dist/assets/message-circle-dashed-DrC6kqmg.js                     0.68 kB │ gzip:   0.37 kB │ map:     1.85 kB
dist/assets/telescope-BHlkAo06.js                                 0.69 kB │ gzip:   0.43 kB │ map:     1.82 kB
dist/assets/skeleton-BXeFgd5l.js                                  0.69 kB │ gzip:   0.47 kB │ map:     2.07 kB
dist/assets/beer-off--p5PIHK8.js                                  0.69 kB │ gzip:   0.42 kB │ map:     1.83 kB
dist/assets/dna-D_EYRcdS.js                                       0.69 kB │ gzip:   0.39 kB │ map:     1.97 kB
dist/assets/fingerprint-pattern-CMObYyef.js                       0.69 kB │ gzip:   0.41 kB │ map:     1.92 kB
dist/assets/gamepad-2-B8ZvB8p7.js                                 0.69 kB │ gzip:   0.44 kB │ map:     1.80 kB
dist/assets/pencil-ruler-CU_Sl28D.js                              0.70 kB │ gzip:   0.43 kB │ map:     1.73 kB
dist/assets/snowflake-B6AIpkHB.js                                 0.70 kB │ gzip:   0.39 kB │ map:     2.06 kB
dist/assets/squares-intersect-CTvTBU85.js                         0.71 kB │ gzip:   0.35 kB │ map:     2.05 kB
dist/assets/bug-play-vnJeqoU5.js                                  0.71 kB │ gzip:   0.39 kB │ map:     1.90 kB
dist/assets/square-dashed-mouse-pointer-COUMbT4S.js               0.71 kB │ gzip:   0.39 kB │ map:     2.05 kB
dist/assets/infoDiagram-27XIBGKW-Cz4D2G9N.js                      0.71 kB │ gzip:   0.46 kB │ map:     2.27 kB
dist/assets/squircle-dashed-C4lKeM86.js                           0.71 kB │ gzip:   0.40 kB │ map:     1.85 kB
dist/assets/brain-B_3rxsLd.js                                     0.71 kB │ gzip:   0.41 kB │ map:     1.76 kB
dist/assets/dog-CMrHh7UD.js                                       0.71 kB │ gzip:   0.46 kB │ map:     1.66 kB
dist/assets/cannabis-off-DyvH20bL.js                              0.71 kB │ gzip:   0.45 kB │ map:     1.80 kB
dist/assets/notepad-text-dashed-Dbsvoha4.js                       0.71 kB │ gzip:   0.35 kB │ map:     2.17 kB
dist/assets/circle-dashed-ChJzoouS.js                             0.72 kB │ gzip:   0.39 kB │ map:     1.81 kB
dist/assets/user-cog-DloFcBn9.js                                  0.72 kB │ gzip:   0.39 kB │ map:     2.06 kB
dist/assets/cloud-cog-DsUg0RB2.js                                 0.72 kB │ gzip:   0.40 kB │ map:     1.92 kB
dist/assets/brick-wall-shield-BpKfQ5Gt.js                         0.72 kB │ gzip:   0.42 kB │ map:     1.89 kB
dist/assets/circle-dot-dashed-0MPaR-gg.js                         0.72 kB │ gzip:   0.38 kB │ map:     1.96 kB
dist/assets/candy-off-MI2wvE6G.js                                 0.73 kB │ gzip:   0.40 kB │ map:     1.84 kB
dist/assets/columns-3-cog-DkU3gP-i.js                             0.73 kB │ gzip:   0.40 kB │ map:     2.13 kB
dist/assets/fish-off-DtFlizrx.js                                  0.73 kB │ gzip:   0.47 kB │ map:     1.61 kB
dist/assets/user-round-cog-CgLTVvPK.js                            0.73 kB │ gzip:   0.40 kB │ map:     2.11 kB
dist/assets/vault-UsFwaZQF.js                                     0.74 kB │ gzip:   0.36 kB │ map:     2.20 kB
dist/assets/receipt-text-BBjXUE5L.js                              0.74 kB │ gzip:   0.34 kB │ map:     1.63 kB
dist/assets/cog-ClkpnYyY.js                                       0.74 kB │ gzip:   0.38 kB │ map:     2.25 kB
dist/assets/CSPContext-DifWKfBa.js                                0.75 kB │ gzip:   0.49 kB │ map:     4.09 kB
dist/assets/text-select-C5HK3i9i.js                               0.75 kB │ gzip:   0.35 kB │ map:     2.29 kB
dist/assets/biohazard-DtaRrNyt.js                                 0.75 kB │ gzip:   0.44 kB │ map:     2.02 kB
dist/assets/bug-off-CZqz3_Kn.js                                   0.76 kB │ gzip:   0.41 kB │ map:     2.10 kB
dist/assets/folder-cog-CYwPj2H1.js                                0.76 kB │ gzip:   0.41 kB │ map:     2.05 kB
dist/assets/shellsession-B-KBpmJs.js                              0.76 kB │ gzip:   0.46 kB │ map:     1.38 kB
dist/assets/bug-Dtc5BRVF.js                                       0.76 kB │ gzip:   0.42 kB │ map:     1.98 kB
dist/assets/usageShortcuts-CrgnsfPZ.js                            0.76 kB │ gzip:   0.44 kB │ map:     2.87 kB
dist/assets/component-CWHW0Rm4.js                                 0.76 kB │ gzip:   0.32 kB │ map:     1.75 kB
dist/assets/square-dashed-kanban-Bdj31u7u.js                      0.77 kB │ gzip:   0.36 kB │ map:     2.35 kB
dist/assets/tsv-sltzmVWM.js                                       0.77 kB │ gzip:   0.37 kB │ map:     1.39 kB
dist/assets/cpu-mffhvvYB.js                                       0.77 kB │ gzip:   0.39 kB │ map:     2.28 kB
dist/assets/monitor-cog-C1AY4tGz.js                               0.77 kB │ gzip:   0.41 kB │ map:     2.17 kB
dist/assets/nut-off-oZgcoONt.js                                   0.78 kB │ gzip:   0.49 kB │ map:     1.78 kB
dist/assets/qr-code-D3ZNC-wH.js                                   0.79 kB │ gzip:   0.41 kB │ map:     2.25 kB
dist/assets/wifi-cog-CjdXYt8D.js                                  0.79 kB │ gzip:   0.43 kB │ map:     2.18 kB
dist/assets/party-popper-CuUaPGe2.js                              0.81 kB │ gzip:   0.47 kB │ map:     2.06 kB
dist/assets/gamepad-directional-CnzAw3jC.js                       0.81 kB │ gzip:   0.40 kB │ map:     1.84 kB
dist/assets/calendar-cog-BWgT4H91.js                              0.82 kB │ gzip:   0.44 kB │ map:     2.29 kB
dist/assets/file-cog-CQWk5pIX.js                                  0.83 kB │ gzip:   0.45 kB │ map:     2.25 kB
dist/assets/pair-2yCcmjov.js                                      0.83 kB │ gzip:   0.54 kB │ map:     3.15 kB
dist/assets/classDiagram-ZZMXUADV-Cq4PSJdO.js                     0.83 kB │ gzip:   0.49 kB │ map:     1.67 kB
dist/assets/classDiagram-v2-VYDZK3BY-Cq4PSJdO.js                  0.84 kB │ gzip:   0.49 kB │ map:     1.68 kB
dist/assets/stateDiagram-v2-MP3YSRHH-pRdrw7fi.js                  0.84 kB │ gzip:   0.49 kB │ map:     1.65 kB
dist/assets/brain-circuit-CbEMN86O.js                             0.88 kB │ gzip:   0.45 kB │ map:     2.46 kB
dist/assets/html-derivative-D9FvRNj4.js                           0.89 kB │ gzip:   0.49 kB │ map:     1.47 kB
dist/assets/swimlanesDiagram-VR7AAH4N-BvHAIMYp.js                 0.89 kB │ gzip:   0.52 kB │ map:     1.62 kB
dist/assets/server-cog-CJAv-Tg7.js                                0.90 kB │ gzip:   0.44 kB │ map:     2.33 kB
dist/assets/useScopedModelAvailability-GEylOYKv.js                0.91 kB │ gzip:   0.56 kB │ map:     4.36 kB
dist/assets/boxes-DEfpaO0s.js                                     0.92 kB │ gzip:   0.45 kB │ map:     2.36 kB
dist/assets/pullRequestIcons-BWiN_14V.js                          0.92 kB │ gzip:   0.44 kB │ map:     2.85 kB
dist/assets/sizeCapture-INFHLROL-3uHXrFqA.js                      0.93 kB │ gzip:   0.56 kB │ map:     3.35 kB
dist/assets/useNavigateBack-enTRg-Po.js                           0.94 kB │ gzip:   0.58 kB │ map:     3.84 kB
dist/assets/wheat-wi0glIbE.js                                     0.95 kB │ gzip:   0.39 kB │ map:     2.23 kB
dist/assets/providerDriverMeta-X8dZM9cH.js                        0.96 kB │ gzip:   0.50 kB │ map:     5.84 kB
dist/assets/kbd-BZzndYZq.js                                       0.97 kB │ gzip:   0.50 kB │ map:     2.19 kB
dist/assets/square-bottom-dashed-scissors-C_AyOkoY.js             0.97 kB │ gzip:   0.46 kB │ map:     2.93 kB
dist/assets/line-CBHglj5d.js                                      0.98 kB │ gzip:   0.51 kB │ map:     3.79 kB
dist/assets/wheat-off-7hEEp7yG.js                                 1.00 kB │ gzip:   0.51 kB │ map:     2.43 kB
dist/assets/git-rebase-C-RR1FSc.js                                1.03 kB │ gzip:   0.47 kB │ map:     1.73 kB
dist/assets/qmldir-DCQb3MpD.js                                    1.03 kB │ gzip:   0.48 kB │ map:     1.75 kB
dist/assets/hop-off-CQMULc06.js                                   1.04 kB │ gzip:   0.58 kB │ map:     2.35 kB
dist/assets/draft-input-DeD-jm80.js                               1.07 kB │ gzip:   0.68 kB │ map:     4.74 kB
dist/assets/brain-cog-ChjOtJCx.js                                 1.09 kB │ gzip:   0.53 kB │ map:     2.73 kB
dist/assets/hop-BM-5pHFP.js                                       1.09 kB │ gzip:   0.59 kB │ map:     2.39 kB
dist/assets/rolldown-runtime-Dd_uD5pT.js                          1.10 kB │ gzip:   0.62 kB
dist/assets/preview-CfSPk_ES.js                                   1.14 kB │ gzip:   0.66 kB │ map:     5.76 kB
dist/assets/csv-Dx-8-gkx.js                                       1.17 kB │ gzip:   0.40 kB │ map:     2.00 kB
dist/assets/ExpandableText-C6nQjxOp.js                            1.17 kB │ gzip:   0.75 kB │ map:     3.67 kB
dist/assets/ordinal-BDEzSJ7C.js                                   1.21 kB │ gzip:   0.61 kB │ map:     5.11 kB
dist/assets/WorkspacePageHeader-DXoo0wKf.js                       1.23 kB │ gzip:   0.67 kB │ map:     2.91 kB
dist/assets/query-DVDV_eWm.js                                     1.24 kB │ gzip:   0.70 kB │ map:     4.53 kB
dist/assets/mediaReference-C2zl3GQI.js                            1.26 kB │ gzip:   0.67 kB │ map:     5.96 kB
dist/assets/git-commit-BSykSTBG.js                                1.27 kB │ gzip:   0.56 kB │ map:     2.07 kB
dist/assets/shell-CHHlsQVR.js                                     1.31 kB │ gzip:   0.70 kB │ map:     7.96 kB
dist/assets/xsl-CCLNyvR3.js                                       1.40 kB │ gzip:   0.53 kB │ map:     2.22 kB
dist/assets/discovery-list-wjNOX0_G.js                            1.40 kB │ gzip:   0.77 kB │ map:     3.15 kB
dist/assets/dotenv-_5a1GRtc.js                                    1.45 kB │ gzip:   0.56 kB │ map:     2.34 kB
dist/assets/chunk-GVQU2GXP-0CEgfK91.js                            1.46 kB │ gzip:   0.84 kB │ map:     4.92 kB
dist/assets/FieldControl-DFO5VxjG.js                              1.51 kB │ gzip:   0.87 kB │ map:     7.41 kB
dist/assets/sparql-D_iOobhT.js                                    1.52 kB │ gzip:   0.84 kB │ map:     2.15 kB
dist/assets/ini-B5eOa1yu.js                                       1.55 kB │ gzip:   0.52 kB │ map:     2.48 kB
dist/assets/RedactedSensitiveText-B_SYYp0u.js                     1.60 kB │ gzip:   0.98 kB │ map:     5.11 kB
dist/assets/ConnectionStatusDot-6FiGLyu3.js                       1.69 kB │ gzip:   0.90 kB │ map:     4.90 kB
dist/assets/fortran-fixed-form-DEKoE2YW.js                        1.71 kB │ gzip:   0.72 kB │ map:     2.77 kB
dist/assets/mediaSource-DY0uIep8.js                               1.72 kB │ gzip:   0.86 kB │ map:    10.48 kB
dist/assets/railroadDiagram-O6MQD6OU-BKgBKXJa.js                  1.72 kB │ gzip:   0.81 kB │ map:     5.10 kB
dist/assets/T3ConnectSidebarSignIn-ezgkaKjS.js                    1.76 kB │ gzip:   0.82 kB │ map:     4.96 kB
dist/assets/docker-IyjqRm3v.js                                    1.77 kB │ gzip:   0.63 kB │ map:     2.66 kB
dist/assets/WorkspaceBreadcrumb-C0hnbTVK.js                       1.78 kB │ gzip:   0.88 kB │ map:     5.18 kB
dist/assets/hxml-B0Qn7Nwc.js                                      1.78 kB │ gzip:   0.91 kB │ map:     2.51 kB
dist/assets/useResizeDrag-BBP6Ge-k.js                             1.81 kB │ gzip:   0.85 kB │ map:     7.42 kB
dist/assets/desktop-Dlh5hvp9.js                                   1.87 kB │ gzip:   0.78 kB │ map:     2.77 kB
dist/assets/abnfDiagram-VCTEODGH-DoNCNPeQ.js                      1.90 kB │ gzip:   0.94 kB │ map:     6.30 kB
dist/assets/spinner-1n1UCjt1.js                                   1.98 kB │ gzip:   0.97 kB │ map:     6.97 kB
dist/assets/chunk-P2QGCYS3-DcadIHKB.js                            1.99 kB │ gzip:   1.00 kB │ map:     7.08 kB
dist/assets/scheduledTasksSettings.logic-D5fuDayz.js              2.00 kB │ gzip:   0.93 kB │ map:     9.06 kB
dist/assets/chunk-F27PBJKO-CXA_QBZe.js                            2.02 kB │ gzip:   0.93 kB │ map:     7.04 kB
dist/assets/textarea-CPI0-p9K.js                                  2.02 kB │ gzip:   1.01 kB │ map:     4.07 kB
dist/assets/attachments-CdtlvTyP.js                               2.05 kB │ gzip:   0.89 kB │ map:    13.02 kB
dist/assets/NoProjectsHero-CrC7-X1_.js                            2.06 kB │ gzip:   1.06 kB │ map:     5.69 kB
dist/assets/pegDiagram-XKGWAZYB-CfNiDYed.js                       2.06 kB │ gzip:   0.98 kB │ map:     6.64 kB
dist/assets/ebnfDiagram-PWID7BFC-DAXSNBlg.js                      2.11 kB │ gzip:   0.93 kB │ map:     6.77 kB
dist/assets/erb-S-x04ATY.js                                       2.17 kB │ gzip:   0.65 kB │ map:     3.35 kB
dist/assets/wenyan-C8pVoKbM.js                                    2.19 kB │ gzip:   1.13 kB │ map:     3.20 kB
dist/assets/ProviderAuthTerminal-BDVFl-PQ.js                      2.19 kB │ gzip:   1.17 kB │ map:     7.03 kB
dist/assets/AnimatedHeight-CgPMHsjh.js                            2.19 kB │ gzip:   1.11 kB │ map:     7.68 kB
dist/assets/dist-B_J_HbC0.js                                      2.21 kB │ gzip:   1.01 kB │ map:     7.35 kB
dist/assets/jssm-DXw9l8Rf.js                                      2.27 kB │ gzip:   0.64 kB │ map:     3.40 kB
dist/assets/session-DzzAgA79.js                                   2.29 kB │ gzip:   1.13 kB │ map:    14.99 kB
dist/assets/path-fybaL0A-.js                                      2.32 kB │ gzip:   1.02 kB │ map:     9.69 kB
dist/assets/edge-k_uo0VIr.js                                      2.34 kB │ gzip:   0.71 kB │ map:     3.63 kB
dist/assets/reg-CRGYupPL.js                                       2.37 kB │ gzip:   0.72 kB │ map:     3.52 kB
dist/assets/usePermissionStatus-N3mbZbvO.js                       2.42 kB │ gzip:   1.26 kB │ map:     7.83 kB
dist/assets/diff-woXpYk--.js                                      2.60 kB │ gzip:   0.72 kB │ map:     3.87 kB
dist/assets/gleam-CSRkHgEL.js                                     2.61 kB │ gzip:   0.85 kB │ map:     4.00 kB
dist/assets/SettingsScopeNotice-BnrysP52.js                       2.66 kB │ gzip:   1.41 kB │ map:     8.96 kB
dist/assets/hy-CZbG8q4J.js                                        2.68 kB │ gzip:   1.21 kB │ map:     3.70 kB
dist/assets/input-BgPVVb2e.js                                     2.74 kB │ gzip:   1.16 kB │ map:     6.51 kB
dist/assets/standalone-page-DJqNxl4B.js                           2.80 kB │ gzip:   1.22 kB │ map:     5.73 kB
dist/assets/device-CIF-oE3O.js                                    2.80 kB │ gzip:   1.26 kB │ map:    16.32 kB
dist/assets/openscad-BUDT5pXO.js                                  2.86 kB │ gzip:   1.04 kB │ map:     4.24 kB
dist/assets/log-BNLmms1o.js                                       2.88 kB │ gzip:   0.93 kB │ map:     4.36 kB
dist/assets/json-DePJdKYk.js                                      2.93 kB │ gzip:   0.86 kB │ map:     4.36 kB
dist/assets/cairo-DLTphjLi.js                                     2.97 kB │ gzip:   0.83 kB │ map:     4.57 kB
dist/assets/berry-DKpUyyne.js                                     3.04 kB │ gzip:   0.84 kB │ map:     4.86 kB
dist/assets/jsonl-CmCQp5Yx.js                                     3.04 kB │ gzip:   0.82 kB │ map:     4.52 kB
dist/assets/FileDiff-x-0jlT-i.js                                  3.10 kB │ gzip:   1.19 kB │ map:     9.39 kB
dist/assets/jsonc-CYpm1nAK.js                                     3.14 kB │ gzip:   0.82 kB │ map:     4.62 kB
dist/assets/logo-Cluzi2Zq.js                                      3.16 kB │ gzip:   1.50 kB │ map:     3.83 kB
dist/assets/po-BiJDBrnU.js                                        3.27 kB │ gzip:   0.94 kB │ map:     5.09 kB
dist/assets/json5-BR5RXkoi.js                                     3.29 kB │ gzip:   0.86 kB │ map:     4.96 kB
dist/assets/mipsasm-BMqwQI7S.js                                   3.29 kB │ gzip:   1.21 kB │ map:     4.69 kB
dist/assets/tasl-DMoTqEGO.js                                      3.32 kB │ gzip:   0.88 kB │ map:     5.14 kB
dist/assets/genie-CV2tkWYe.js                                     3.39 kB │ gzip:   1.24 kB │ map:     4.88 kB
dist/assets/rel-BtDbiS_P.js                                       3.40 kB │ gzip:   1.14 kB │ map:     4.88 kB
dist/assets/vala-zf12oZj6.js                                      3.40 kB │ gzip:   1.22 kB │ map:     4.90 kB
dist/assets/openFileInPreview-DYWaMPN9.js                         3.41 kB │ gzip:   1.57 kB │ map:    16.34 kB
dist/assets/projectFilesQueryState-D1x4TjS0.js                    3.42 kB │ gzip:   1.70 kB │ map:    15.61 kB
dist/assets/splunk-BC2Px7Mm.js                                    3.47 kB │ gzip:   1.55 kB │ map:     4.45 kB
dist/assets/usageFormat-C0sRGg4T.js                               3.48 kB │ gzip:   1.39 kB │ map:    16.44 kB
dist/assets/toggle-group-Zh4n9-6e.js                              3.48 kB │ gzip:   1.50 kB │ map:    12.14 kB
dist/assets/FoldedSettingsSection-D68Jw63N.js                     3.48 kB │ gzip:   1.64 kB │ map:     9.38 kB
dist/assets/arc-DgcGdgmL.js                                       3.51 kB │ gzip:   1.50 kB │ map:    16.90 kB
dist/assets/hurl-BqZA9I9Q.js                                      3.55 kB │ gzip:   1.13 kB │ map:     5.49 kB
dist/assets/fluent-C03EYrpw.js                                    3.64 kB │ gzip:   0.93 kB │ map:     5.22 kB
dist/assets/jsonnet-CJTPZ8u_.js                                   3.65 kB │ gzip:   1.07 kB │ map:     5.43 kB
dist/assets/ssh-config-BgfXC-Er.js                                3.65 kB │ gzip:   1.63 kB │ map:     4.50 kB
dist/assets/panel-tab-close-button-Bq89Xfhp.js                    3.66 kB │ gzip:   1.85 kB │ map:    18.14 kB
dist/assets/kdl-CsD5j6eV.js                                       3.66 kB │ gzip:   1.07 kB │ map:     5.52 kB
dist/assets/timestampFormat-COoLCcmF.js                           3.69 kB │ gzip:   1.37 kB │ map:    21.77 kB
dist/assets/narrat-_X_XdTYD.js                                    3.70 kB │ gzip:   1.13 kB │ map:     5.44 kB
dist/assets/connect-BQd1rrxi.js                                   3.71 kB │ gzip:   1.78 kB │ map:    11.47 kB
dist/assets/turtle-ByJddavk.js                                    3.73 kB │ gzip:   1.00 kB │ map:     5.50 kB
dist/assets/glsl-CyFpZtQv.js                                      3.74 kB │ gzip:   1.49 kB │ map:     4.44 kB
dist/assets/threadSort-bjHzZAxR.js                                3.75 kB │ gzip:   1.60 kB │ map:    25.51 kB
dist/assets/ProjectMonogram-6SFlQPVj.js                           3.81 kB │ gzip:   1.56 kB │ map:    11.49 kB
dist/assets/ron-VUp2lXgN.js                                       3.94 kB │ gzip:   1.01 kB │ map:     6.03 kB
dist/assets/zenscript-BnlCZFoB.js                                 3.95 kB │ gzip:   1.31 kB │ map:     5.77 kB
dist/assets/lazyRouteComponent-CfhUBykl.js                        3.97 kB │ gzip:   1.42 kB │ map:    27.36 kB
dist/assets/SettingsPanels.logic-C1vxAh_O.js                      3.98 kB │ gzip:   1.30 kB │ map:    19.80 kB
dist/assets/gn-ilITqXS6.js                                        4.03 kB │ gzip:   1.52 kB │ map:     5.29 kB
dist/assets/toggle-BW9OVmcr.js                                    4.13 kB │ gzip:   1.73 kB │ map:    11.80 kB
dist/assets/alert-Ca00I8oh.js                                     4.13 kB │ gzip:   1.63 kB │ map:    10.75 kB
dist/assets/CompositeRoot-D5ebtoov.js                             4.14 kB │ gzip:   1.94 kB │ map:    20.99 kB
dist/assets/empty-CQ7K0iQ6.js                                     4.16 kB │ gzip:   1.44 kB │ map:     9.47 kB
dist/assets/pascal-4ZHwLPI5.js                                    4.18 kB │ gzip:   1.71 kB │ map:     5.55 kB
dist/assets/diagram-Z3DM3KII--dAphCHG.js                          4.33 kB │ gzip:   1.89 kB │ map:    13.43 kB
dist/assets/ReadOnlySourcePreview-D8fn1P6B.js                     4.43 kB │ gzip:   1.88 kB │ map:    13.94 kB
dist/assets/http-c4_vT9ST.js                                      4.45 kB │ gzip:   1.10 kB │ map:     6.78 kB
dist/assets/tcl-CZd0xW_V.js                                       4.46 kB │ gzip:   1.54 kB │ map:     6.49 kB
dist/assets/keybindings-DY6X3m6t.js                               4.54 kB │ gzip:   1.85 kB │ map:    27.01 kB
dist/assets/nextflow-BJtWHP5T.js                                  4.55 kB │ gzip:   1.20 kB │ map:     6.88 kB
dist/assets/rosmsg-CAekHB0j.js                                    4.56 kB │ gzip:   1.09 kB │ map:     6.77 kB
dist/assets/useParams-8C_XLAvI.js                                 4.58 kB │ gzip:   2.03 kB │ map:    26.31 kB
dist/assets/t3ProjectFile-OLHMUB2l.js                             4.64 kB │ gzip:   1.87 kB │ map:    35.17 kB
dist/assets/defaultLocale-BFoDCU3G.js                             4.68 kB │ gzip:   2.16 kB │ map:    22.76 kB
dist/assets/polar-C7UOKdEL.js                                     4.70 kB │ gzip:   1.16 kB │ map:     7.27 kB
dist/assets/sdbl-bTVj8UrX.js                                      4.73 kB │ gzip:   2.04 kB │ map:     5.90 kB
dist/assets/fennel-DQxkIbk2.js                                    4.80 kB │ gzip:   1.57 kB │ map:     6.43 kB
dist/assets/bibtex-Ci_nEsc7.js                                    4.83 kB │ gzip:   0.86 kB │ map:     7.04 kB
dist/assets/llvm-Cm23YOpf.js                                      5.08 kB │ gzip:   2.04 kB │ map:     6.68 kB
dist/assets/_chat.index-rl_d3e4p.js                               5.15 kB │ gzip:   2.13 kB │ map:    14.74 kB
dist/assets/KeybindingsSettings.logic-BF6hnNOM.js                 5.15 kB │ gzip:   2.10 kB │ map:    25.00 kB
dist/assets/wgsl-BsKzXJz4.js                                      5.17 kB │ gzip:   1.42 kB │ map:     7.51 kB
dist/assets/gdresource-C0sCabJj.js                                5.33 kB │ gzip:   1.36 kB │ map:     7.81 kB
dist/assets/uiStateStore-Bg8s1MNX.js                              5.33 kB │ gzip:   1.76 kB │ map:    26.13 kB
dist/assets/zig-CMLA9XwU.js                                       5.37 kB │ gzip:   1.59 kB │ map:     7.88 kB
dist/assets/qml-g4UDed-8.js                                       5.37 kB │ gzip:   1.41 kB │ map:     8.17 kB
dist/assets/dax-BkyTk9wS.js                                       5.39 kB │ gzip:   2.25 kB │ map:     6.78 kB
dist/assets/bicep-CUHmPFLl.js                                     5.41 kB │ gzip:   1.18 kB │ map:     7.92 kB
dist/assets/input-group-DHGxTCA2.js                               5.45 kB │ gzip:   1.72 kB │ map:     9.18 kB
dist/assets/assets-Bk7iU6Bb.js                                    5.46 kB │ gzip:   2.17 kB │ map:    30.31 kB
dist/assets/xml-C01ajBW7.js                                       5.49 kB │ gzip:   1.28 kB │ map:     7.91 kB
dist/assets/awk-BWXHIvNe.js                                       5.49 kB │ gzip:   1.41 kB │ map:     8.01 kB
dist/assets/linear-BUnzfXgk.js                                    5.56 kB │ gzip:   2.29 kB │ map:    27.95 kB
dist/assets/coq-BrsZFFmf.js                                       5.58 kB │ gzip:   1.95 kB │ map:     7.52 kB
dist/assets/settings-BqQYqoVW.js                                  5.59 kB │ gzip:   2.45 kB │ map:    19.62 kB
dist/assets/primary-DHS5ayJd.js                                   5.65 kB │ gzip:   2.21 kB │ map:    28.70 kB
dist/assets/jinja-CixBDh_U.js                                     5.67 kB │ gzip:   1.39 kB │ map:     8.57 kB
dist/assets/lean-CewbzKMR.js                                      5.81 kB │ gzip:   1.95 kB │ map:     7.88 kB
dist/assets/chunk-PWAF6VOD-C2I62nrj.js                            5.88 kB │ gzip:   2.73 kB │ map:    27.93 kB
dist/assets/moonbit-CaWjb8XO.js                                   5.93 kB │ gzip:   1.71 kB │ map:     8.68 kB
dist/assets/powerquery-DNMTfnFr.js                                5.94 kB │ gzip:   1.54 kB │ map:     8.53 kB
dist/assets/shaderlab-TOUzSsQk.js                                 5.96 kB │ gzip:   2.11 kB │ map:     7.74 kB
dist/assets/verilog-CiiDBU1e.js                                   5.96 kB │ gzip:   1.93 kB │ map:     8.03 kB
dist/assets/cypher-ClKdZ_lG.js                                    5.99 kB │ gzip:   1.75 kB │ map:     8.45 kB
dist/assets/vb-Djn5o6TS.js                                        6.12 kB │ gzip:   2.37 kB │ map:     8.05 kB
dist/assets/diagram-UQ7AKVKN-VdHRsLMb.js                          6.12 kB │ gzip:   2.61 kB │ map:    21.22 kB
dist/assets/color-picker-B_8rZ8_c.js                              6.23 kB │ gzip:   2.93 kB │ map:    19.53 kB
dist/assets/pieDiagram-E7YTZNPT-BTEIENzm.js                       6.28 kB │ gzip:   2.64 kB │ map:    22.88 kB
dist/assets/red-7ga_dcKu.js                                       6.30 kB │ gzip:   1.63 kB │ map:     8.90 kB
dist/assets/red-CJ3rzSJv.js                                       6.30 kB │ gzip:   1.63 kB │ map:     8.90 kB
dist/assets/min-dark-BFqTAwCr.js                                  6.33 kB │ gzip:   1.74 kB │ map:     8.64 kB
dist/assets/min-dark-BSWPekZh.js                                  6.33 kB │ gzip:   1.74 kB │ map:     8.64 kB
dist/assets/gdshader-CBce3t8t.js                                  6.36 kB │ gzip:   1.75 kB │ map:     9.20 kB
dist/assets/prisma-BsRQq5mF.js                                    6.36 kB │ gzip:   1.42 kB │ map:     9.28 kB
dist/assets/ara-4CJ0cIlV.js                                       6.39 kB │ gzip:   1.84 kB │ map:     9.27 kB
dist/assets/clojure-DqKBuwfJ.js                                   6.45 kB │ gzip:   1.45 kB │ map:     9.30 kB
dist/assets/postcss-BXeXVLqQ.js                                   6.45 kB │ gzip:   1.94 kB │ map:     9.12 kB
dist/assets/toml-CcmNWLt0.js                                      6.46 kB │ gzip:   1.31 kB │ map:     9.49 kB
dist/assets/solarized-light-BLaijb3X.js                           6.53 kB │ gzip:   1.75 kB │ map:     9.26 kB
dist/assets/solarized-light-DSh2HLQt.js                           6.53 kB │ gzip:   1.75 kB │ map:     9.26 kB
dist/assets/proto-DB4EqR-F.js                                     6.58 kB │ gzip:   1.45 kB │ map:     9.92 kB
dist/assets/smalltalk-B16xEiuN.js                                 6.62 kB │ gzip:   1.65 kB │ map:     9.26 kB
dist/assets/r-6KKCcqAj.js                                         6.64 kB │ gzip:   1.86 kB │ map:    10.17 kB
dist/assets/talonscript-CohzipZa.js                               6.79 kB │ gzip:   1.52 kB │ map:    10.09 kB
dist/assets/solarized-dark-BQwPDzxK.js                            6.89 kB │ gzip:   1.82 kB │ map:     9.72 kB
dist/assets/solarized-dark-DV17i1UV.js                            6.89 kB │ gzip:   1.81 kB │ map:     9.72 kB
dist/assets/riscv-Ckw8ddFX.js                                     6.95 kB │ gzip:   2.01 kB │ map:     9.61 kB
dist/assets/soy-D5xCHD_M.js                                       6.96 kB │ gzip:   1.66 kB │ map:    10.75 kB
dist/assets/min-light-DDpmG2fV.js                                 7.01 kB │ gzip:   1.92 kB │ map:     9.56 kB
dist/assets/min-light-O7UdaaxX.js                                 7.01 kB │ gzip:   1.92 kB │ map:     9.56 kB
dist/assets/scheme-DQCgrYNe.js                                    7.20 kB │ gzip:   2.08 kB │ map:     9.80 kB
dist/assets/dialog-Crpo2FlC.js                                    7.22 kB │ gzip:   2.72 kB │ map:    21.53 kB
dist/assets/settings.storage-bl5U8fVG.js                          7.27 kB │ gzip:   2.96 kB │ map:    22.38 kB
dist/assets/hlsl-Cvrh5tZx.js                                      7.29 kB │ gzip:   2.21 kB │ map:     9.25 kB
dist/assets/checkbox-BK9GS0TD.js                                  7.43 kB │ gzip:   3.35 kB │ map:    35.48 kB
dist/assets/qss-Fe1Jh2GI.js                                       7.50 kB │ gzip:   2.60 kB │ map:     9.41 kB
dist/assets/collapsible-BE07vaHj.js                               7.56 kB │ gzip:   3.05 kB │ map:    46.38 kB
dist/assets/radio-group-DpVq7J_C.js                               7.60 kB │ gzip:   3.31 kB │ map:    35.12 kB
dist/assets/index-BmXG6qab.js                                     7.80 kB │ gzip:   3.76 kB │ map:     2.21 kB
dist/assets/ServerUpdateAction-DQpQGA2J.js                        7.90 kB │ gzip:   3.23 kB │ map:    33.82 kB
dist/assets/systemd-BxMlprV5.js                                   7.90 kB │ gzip:   2.57 kB │ map:    10.65 kB
dist/assets/monokai-C0p7Qecz.js                                   7.92 kB │ gzip:   1.94 kB │ map:    11.12 kB
dist/assets/monokai-CdkpiU2Y.js                                   7.92 kB │ gzip:   1.94 kB │ map:    11.12 kB
dist/assets/regexp-I2jnduhj.js                                    8.09 kB │ gzip:   1.50 kB │ map:    11.23 kB
dist/assets/diagram-S7CK7UJ4-CsxrtVnH.js                          8.25 kB │ gzip:   3.69 kB │ map:    28.86 kB
dist/assets/Icon-l19w4AjM.js                                      8.32 kB │ gzip:   3.31 kB │ map:    33.63 kB
dist/assets/haml-Dds4VdNJ.js                                      8.38 kB │ gzip:   1.89 kB │ map:    12.45 kB
dist/assets/typst-DI99ib-x.js                                     8.42 kB │ gzip:   1.70 kB │ map:    12.31 kB
dist/assets/vue-html-BXjKVtKk.js                                  8.52 kB │ gzip:   1.72 kB │ map:    12.03 kB
dist/assets/plsql-DGHpHOYJ.js                                     8.54 kB │ gzip:   3.03 kB │ map:    10.91 kB
dist/assets/dart-CnvKMtbv.js                                      8.65 kB │ gzip:   2.03 kB │ map:    12.66 kB
dist/assets/server-DWHl9fik.js                                    8.78 kB │ gzip:   2.74 kB │ map:    37.15 kB
dist/assets/horizon-0-RkHfro.js                                   8.82 kB │ gzip:   1.98 kB │ map:    12.10 kB
dist/assets/horizon-CE9ld1lL.js                                   8.82 kB │ gzip:   1.98 kB │ map:    12.10 kB
dist/assets/kotlin-DhhofPvG.js                                    8.82 kB │ gzip:   2.16 kB │ map:    12.79 kB
dist/assets/horizon-bright-BgL2X9oq.js                            8.83 kB │ gzip:   1.99 kB │ map:    12.15 kB
dist/assets/horizon-bright-DSNQnXHK.js                            8.83 kB │ gzip:   1.99 kB │ map:    12.15 kB
dist/assets/ProjectIconPickerDialog-Dfbld8qd.js                   8.89 kB │ gzip:   3.75 kB │ map:    27.14 kB
dist/assets/DialogTitle-DaCCQPKE.js                               8.91 kB │ gzip:   3.19 kB │ map:    46.96 kB
dist/assets/sidebarProjectGrouping-C0musKAz.js                    8.94 kB │ gzip:   3.39 kB │ map:    27.95 kB
dist/assets/make-Dixweg8N.js                                      8.99 kB │ gzip:   1.79 kB │ map:    12.87 kB
dist/assets/andromeeda-WkhI09AS.js                                9.06 kB │ gzip:   2.39 kB │ map:    11.98 kB
dist/assets/andromeeda-vGVdxbeo.js                                9.06 kB │ gzip:   2.39 kB │ map:    11.98 kB
dist/assets/sas-CUQt684o.js                                       9.10 kB │ gzip:   3.85 kB │ map:    11.14 kB
dist/assets/dark-plus-Cs2F2srj.js                                 9.14 kB │ gzip:   2.13 kB │ map:    12.45 kB
dist/assets/dark-plus-GAt2ZgX8.js                                 9.14 kB │ gzip:   2.14 kB │ map:    12.45 kB
dist/assets/slack-dark-DYvUXyrP.js                                9.16 kB │ gzip:   2.00 kB │ map:    12.54 kB
dist/assets/slack-dark-DnToyrRv.js                                9.16 kB │ gzip:   1.99 kB │ map:    12.54 kB
dist/assets/sass-DXrisJhu.js                                      9.32 kB │ gzip:   2.52 kB │ map:    13.43 kB
dist/assets/plastic-CF8VZTnn.js                                   9.33 kB │ gzip:   2.00 kB │ map:    12.51 kB
dist/assets/plastic-DQwYfKfQ.js                                   9.33 kB │ gzip:   2.00 kB │ map:    12.51 kB
dist/assets/slack-ochin-B2OO5cIa.js                               9.47 kB │ gzip:   2.12 kB │ map:    13.14 kB
dist/assets/slack-ochin-bqtMVDfH.js                               9.47 kB │ gzip:   2.12 kB │ map:    13.14 kB
dist/assets/tex-Dp-_o7gQ.js                                       9.71 kB │ gzip:   3.10 kB │ map:    12.45 kB
dist/assets/jison-Ru_S5AEn.js                                     9.73 kB │ gzip:   1.90 kB │ map:    14.15 kB
dist/assets/chunk-L3NEJ4N5-CViGJcwV.js                            9.73 kB │ gzip:   2.98 kB │ map:    34.99 kB
dist/assets/DeviceSetup-CQ9KhIvR.js                               9.76 kB │ gzip:   3.46 kB │ map:    27.39 kB
dist/assets/cmake-Bj61d0ZC.js                                     9.89 kB │ gzip:   3.41 kB │ map:    11.28 kB
dist/assets/settings.open-source-licenses-BeUObH3z.js             9.93 kB │ gzip:   4.03 kB │ map:    30.37 kB
dist/assets/light-plus-CNQ8_7Y0.js                                9.98 kB │ gzip:   2.31 kB │ map:    13.44 kB
dist/assets/light-plus-DVQuIRkW.js                                9.98 kB │ gzip:   2.31 kB │ map:    13.44 kB
dist/assets/cynefinDiagram-5FMLGOSQ-3F5Kjv9a.js                  10.00 kB │ gzip:   3.55 kB │ map:    34.45 kB
dist/assets/hcl-Dh228itO.js                                      10.08 kB │ gzip:   1.96 kB │ map:    14.80 kB
dist/assets/rst-CQYEkNjm.js                                      10.35 kB │ gzip:   2.28 kB │ map:    15.74 kB
dist/assets/pkl-ot-7Btpt.js                                      10.40 kB │ gzip:   1.41 kB │ map:    15.49 kB
dist/assets/beancount-D-usSTwE.js                                10.41 kB │ gzip:   1.46 kB │ map:    15.06 kB
dist/assets/nextflow-groovy-DJMQeKeT.js                          10.48 kB │ gzip:   2.17 kB │ map:    15.27 kB
dist/assets/raku-B3gFvitq.js                                     10.50 kB │ gzip:   2.97 kB │ map:    12.92 kB
dist/assets/dream-maker-DW3nJb8Q.js                              10.51 kB │ gzip:   2.29 kB │ map:    15.13 kB
dist/assets/Virtualizer-iBOiFwoX.js                              10.54 kB │ gzip:   3.07 kB │ map:    31.62 kB
dist/assets/yaml-BWCS3NLV.js                                     10.61 kB │ gzip:   2.35 kB │ map:    14.94 kB
dist/assets/stateDiagram-D77RDMKH-DCEYSnYp.js                    10.70 kB │ gzip:   3.79 kB │ map:    36.92 kB
dist/assets/diagram-VSXAHHWV-CbO6c1tc.js                         10.70 kB │ gzip:   4.15 kB │ map:    38.31 kB
dist/assets/just-iIzCEqbS.js                                     10.85 kB │ gzip:   2.64 kB │ map:    15.45 kB
dist/assets/elm-Bmx6Fs0i.js                                      10.98 kB │ gzip:   2.13 kB │ map:    16.07 kB
dist/assets/dagre-GXQ25YYZ-_hEtCH8b.js                           11.02 kB │ gzip:   4.19 kB │ map:    40.96 kB
dist/assets/phoneViewer-BBc2EBOR.js                              11.04 kB │ gzip:   4.63 kB │ map:    57.65 kB
dist/assets/github-light-CsVXhIlR.js                             11.23 kB │ gzip:   2.53 kB │ map:    15.45 kB
dist/assets/github-light-EUqPIrTm.js                             11.23 kB │ gzip:   2.53 kB │ map:    15.45 kB
dist/assets/projectScriptEditor-CLqiZEye.js                      11.37 kB │ gzip:   4.19 kB │ map:    49.06 kB
dist/assets/prolog-iXnhIJG7.js                                   11.39 kB │ gzip:   3.88 kB │ map:    13.32 kB
dist/assets/terraform-DswuEJGm.js                                11.42 kB │ gzip:   2.54 kB │ map:    16.24 kB
dist/assets/github-dark-C-LZuMrd.js                              11.45 kB │ gzip:   2.56 kB │ map:    15.71 kB
dist/assets/github-dark-DwbbXv51.js                              11.45 kB │ gzip:   2.56 kB │ map:    15.71 kB
dist/assets/puppet-CDv2pdJW.js                                   11.47 kB │ gzip:   2.14 kB │ map:    16.33 kB
dist/assets/laserwave-CQkdhozh.js                                11.54 kB │ gzip:   2.61 kB │ map:    14.73 kB
dist/assets/laserwave-C_8bwKvT.js                                11.54 kB │ gzip:   2.61 kB │ map:    14.73 kB
dist/assets/rightPanelStore-CX8VDbkZ.js                          11.78 kB │ gzip:   3.33 kB │ map:    65.43 kB
dist/assets/gherkin-DExj1W_8.js                                  11.98 kB │ gzip:   5.08 kB │ map:    13.14 kB
dist/assets/wasm-ByWQv1Qj.js                                     12.04 kB │ gzip:   2.21 kB │ map:    16.86 kB
dist/assets/hjson-CxZEssPk.js                                    12.08 kB │ gzip:   1.67 kB │ map:    17.30 kB
dist/assets/handlebars-C81KA5yo.js                               12.21 kB │ gzip:   2.41 kB │ map:    17.47 kB
dist/assets/ProjectDefaultsSettings-Dp-Ir_kM.js                  12.45 kB │ gzip:   4.44 kB │ map:    39.46 kB
dist/assets/apache-U0d_L8uA.js                                   12.49 kB │ gzip:   3.74 kB │ map:    15.97 kB
dist/assets/terminalSessions-zjY1DiXV.js                         12.60 kB │ gzip:   4.68 kB │ map:    69.34 kB
dist/assets/vesper-BIFK_oDq.js                                   12.77 kB │ gzip:   2.03 kB │ map:    16.24 kB
dist/assets/vesper-DdrHHSXu.js                                   12.77 kB │ gzip:   2.03 kB │ map:    16.24 kB
dist/assets/bat-Bo4NYOV-.js                                      12.92 kB │ gzip:   3.26 kB │ map:    17.41 kB
dist/assets/entities--NwURErc.js                                 13.01 kB │ gzip:   4.81 kB │ map:    87.03 kB
dist/assets/fish-BJitypiv.js                                     13.07 kB │ gzip:   1.76 kB │ map:    16.87 kB
dist/assets/v-DETTlOr0.js                                        13.24 kB │ gzip:   2.76 kB │ map:    19.28 kB
dist/assets/vitesse-light-VbXTXTou.js                            13.66 kB │ gzip:   3.06 kB │ map:    18.58 kB
dist/assets/vitesse-light-ojz42ZLy.js                            13.66 kB │ gzip:   3.06 kB │ map:    18.58 kB
dist/assets/aurora-x-C7CFqhAd.js                                 13.70 kB │ gzip:   2.32 kB │ map:    17.60 kB
dist/assets/aurora-x-CDeNXAV0.js                                 13.70 kB │ gzip:   2.32 kB │ map:    17.60 kB
dist/assets/vitesse-black-D082JcaE.js                            13.72 kB │ gzip:   3.09 kB │ map:    18.66 kB
dist/assets/vitesse-black-fwtXNY1n.js                            13.72 kB │ gzip:   3.09 kB │ map:    18.66 kB
dist/assets/vitesse-dark-BZCL-v6S.js                             13.80 kB │ gzip:   3.10 kB │ map:    18.74 kB
dist/assets/vitesse-dark-z-nr_5O8.js                             13.80 kB │ gzip:   3.09 kB │ map:    18.74 kB
dist/assets/pug-B4bk2kWf.js                                      13.89 kB │ gzip:   2.61 kB │ map:    20.58 kB
dist/assets/synthwave-84-CIknw8y7.js                             14.08 kB │ gzip:   2.89 kB │ map:    19.13 kB
dist/assets/synthwave-84-nFMaYfgc.js                             14.08 kB │ gzip:   2.88 kB │ map:    19.13 kB
dist/assets/github-light-default-BXViO-2h.js                     14.21 kB │ gzip:   3.05 kB │ map:    19.31 kB
dist/assets/github-light-default-DB_IwZa6.js                     14.21 kB │ gzip:   3.05 kB │ map:    19.31 kB
dist/assets/clarity-SemFz856.js                                  14.31 kB │ gzip:   2.50 kB │ map:    19.96 kB
dist/assets/github-light-high-contrast-B68TUdTA.js               14.33 kB │ gzip:   3.03 kB │ map:    19.49 kB
dist/assets/github-light-high-contrast-DLgVeSB-.js               14.33 kB │ gzip:   3.03 kB │ map:    19.49 kB
dist/assets/github-dark-dimmed-Bx1FflLF.js                       14.48 kB │ gzip:   3.15 kB │ map:    19.68 kB
dist/assets/github-dark-dimmed-Cr1oaoul.js                       14.48 kB │ gzip:   3.15 kB │ map:    19.68 kB
dist/assets/github-dark-default-CxjRwzl6.js                      14.48 kB │ gzip:   3.15 kB │ map:    19.68 kB
dist/assets/github-dark-default-DXG-b-1a.js                      14.48 kB │ gzip:   3.15 kB │ map:    19.68 kB
dist/assets/github-dark-high-contrast-B4qJZLZa.js                14.65 kB │ gzip:   3.11 kB │ map:    19.92 kB
dist/assets/github-dark-high-contrast-B_tTalzw.js                14.65 kB │ gzip:   3.11 kB │ map:    19.92 kB
dist/assets/gnuplot-7GGW24-e.js                                  14.82 kB │ gzip:   3.31 kB │ map:    20.83 kB
dist/assets/rust-Cfkwpbl8.js                                     15.10 kB │ gzip:   2.75 kB │ map:    21.48 kB
dist/assets/duoViewer-CJ3UsmyW.js                                15.17 kB │ gzip:   5.94 kB │ map:    72.01 kB
dist/assets/kusto-C7mF5XQf.js                                    15.20 kB │ gzip:   3.96 kB │ map:    19.63 kB
dist/assets/actionscript-3--17pq3dv.js                           15.25 kB │ gzip:   2.71 kB │ map:    21.47 kB
dist/assets/nix-IvuFDN5E.js                                      15.54 kB │ gzip:   2.51 kB │ map:    22.94 kB
dist/assets/lua-Z49wBRLR.js                                      15.64 kB │ gzip:   3.23 kB │ map:    22.18 kB
dist/assets/luau-FMPmPwt6.js                                     15.66 kB │ gzip:   3.42 kB │ map:    21.88 kB
dist/assets/ChatGptUsageButton-BJ2Nqum7.js                       15.67 kB │ gzip:   5.93 kB │ map:    70.41 kB
dist/assets/chunk-SVP7TREG-Bs1DuNU6.js                           15.69 kB │ gzip:   4.39 kB │ map:    52.15 kB
dist/assets/diagram-VX7I27RA-DJSomFAZ.js                         15.80 kB │ gzip:   5.57 kB │ map:    62.58 kB
dist/assets/pullRequestDetail.logic-e9rwKHh-.js                  15.84 kB │ gzip:   5.74 kB │ map:    84.05 kB
dist/assets/abap-CLvhMVsD.js                                     15.88 kB │ gzip:   5.96 kB │ map:    18.86 kB
dist/assets/solidity-CKzVLygQ.js                                 16.11 kB │ gzip:   3.13 kB │ map:    23.47 kB
dist/assets/matlab-D7qyCx1q.js                                   16.12 kB │ gzip:   3.10 kB │ map:    23.38 kB
dist/assets/popover-BGjHHsCL.js                                  16.17 kB │ gzip:   6.17 kB │ map:    70.67 kB
dist/assets/cue-CE9AQfxI.js                                      16.23 kB │ gzip:   2.08 kB │ map:    23.81 kB
dist/assets/elixir-CJS91GrO.js                                   16.30 kB │ gzip:   2.80 kB │ map:    23.18 kB
dist/assets/odin-B1RWQWA5.js                                     16.54 kB │ gzip:   2.96 kB │ map:    23.81 kB
dist/assets/ts-tags-CNUq3so9.js                                  16.59 kB │ gzip:   2.09 kB │ map:    24.95 kB
dist/assets/mermaid-parser.core-D0MLrcPv.js                      16.64 kB │ gzip:   3.96 kB │ map:    69.07 kB
dist/assets/scroll-area-D9osYkQF.js                              16.68 kB │ gzip:   5.97 kB │ map:    79.09 kB
dist/assets/kanagawa-wave-CTweb8Dz.js                            17.17 kB │ gzip:   2.94 kB │ map:    22.30 kB
dist/assets/kanagawa-wave-D8CNn6T_.js                            17.17 kB │ gzip:   2.94 kB │ map:    22.30 kB
dist/assets/kanagawa-lotus-BN08jTvb.js                           17.17 kB │ gzip:   2.94 kB │ map:    22.31 kB
dist/assets/kanagawa-lotus-CqxMQulh.js                           17.17 kB │ gzip:   2.94 kB │ map:    22.31 kB
dist/assets/kanagawa-dragon-7TqgsUPC.js                          17.17 kB │ gzip:   2.96 kB │ map:    22.31 kB
dist/assets/kanagawa-dragon-CXtmUGW6.js                          17.17 kB │ gzip:   2.96 kB │ map:    22.31 kB
dist/assets/ishikawaDiagram-5VMMS53U-DbIoz9wd.js                 17.37 kB │ gzip:   6.58 kB │ map:    62.76 kB
dist/assets/move-B1IS1UjX.js                                     17.54 kB │ gzip:   3.10 kB │ map:    26.28 kB
dist/assets/command-CT4uS6R4.js                                  17.89 kB │ gzip:   4.79 kB │ map:    52.92 kB
dist/assets/link-DVPFaIvw.js                                     17.98 kB │ gzip:   6.75 kB │ map:    91.92 kB
dist/assets/graphql-BIyAKkG2.js                                  18.13 kB │ gzip:   2.57 kB │ map:    25.58 kB
dist/assets/liquid-DEL4RHa9.js                                   18.14 kB │ gzip:   3.17 kB │ map:    25.32 kB
dist/assets/T3ConnectAccountPages-D--w0Z1r.js                    18.20 kB │ gzip:   6.33 kB │ map:    57.54 kB
dist/assets/svelte-D4FIy7cP.js                                   18.29 kB │ gzip:   3.17 kB │ map:    25.83 kB
dist/assets/material-theme-Bm3Qr25_.js                           18.66 kB │ gzip:   3.14 kB │ map:    24.15 kB
dist/assets/material-theme-CAtLaHa3.js                           18.66 kB │ gzip:   3.14 kB │ map:    24.15 kB
dist/assets/material-theme-ocean-B3mraInd.js                     18.68 kB │ gzip:   3.16 kB │ map:    24.18 kB
dist/assets/material-theme-ocean-CHQ94UKr.js                     18.68 kB │ gzip:   3.16 kB │ map:    24.18 kB
dist/assets/material-theme-darker-2IIEA8gg.js                    18.68 kB │ gzip:   3.13 kB │ map:    24.19 kB
dist/assets/material-theme-darker-k-s5Bc6K.js                    18.68 kB │ gzip:   3.13 kB │ map:    24.19 kB
dist/assets/material-theme-lighter-CD6a-c4d.js                   18.69 kB │ gzip:   3.14 kB │ map:    24.20 kB
dist/assets/material-theme-lighter-uhdI0v04.js                   18.69 kB │ gzip:   3.14 kB │ map:    24.20 kB
dist/assets/material-theme-palenight-B5W6OYN7.js                 18.69 kB │ gzip:   3.15 kB │ map:    24.21 kB
dist/assets/material-theme-palenight-DEhAARHw.js                 18.69 kB │ gzip:   3.15 kB │ map:    24.21 kB
dist/assets/gdscript-Cp2uCuqX.js                                 19.03 kB │ gzip:   3.78 kB │ map:    26.27 kB
dist/assets/groovy-CacY0gHj.js                                   19.21 kB │ gzip:   3.63 kB │ map:    27.54 kB
dist/assets/queries-C23yY_po.js                                  19.31 kB │ gzip:   6.84 kB │ map:   108.95 kB
dist/assets/mdc-s1gGcw6P.js                                      19.58 kB │ gzip:   6.70 kB │ map:    23.17 kB
dist/assets/ayu-dark-CRu61w6_.js                                 20.12 kB │ gzip:   3.97 kB │ map:    27.07 kB
dist/assets/ayu-dark-DluEY0Gj.js                                 20.12 kB │ gzip:   3.96 kB │ map:    27.07 kB
dist/assets/ayu-mirage-Bqwy1Gya.js                               20.13 kB │ gzip:   3.95 kB │ map:    27.08 kB
dist/assets/ayu-mirage-CTjYAbs-.js                               20.13 kB │ gzip:   3.95 kB │ map:    27.08 kB
dist/assets/glimmer-js-Di6EiJvU.js                               20.13 kB │ gzip:   2.97 kB │ map:    28.70 kB
dist/assets/glimmer-ts-C2P-EwIP.js                               20.13 kB │ gzip:   2.97 kB │ map:    28.70 kB
dist/assets/powershell-DshXNtvi.js                               20.19 kB │ gzip:   4.09 kB │ map:    26.61 kB
dist/assets/ayu-light-C3h-C4tm.js                                20.19 kB │ gzip:   3.93 kB │ map:    27.15 kB
dist/assets/ayu-light-Dn6O_aYR.js                                20.19 kB │ gzip:   3.93 kB │ map:    27.15 kB
dist/assets/kanban-definition-UXKFOSKX-BPyFTv5j.js               20.32 kB │ gzip:   7.20 kB │ map:    67.86 kB
dist/assets/viml-DvXPmvsu.js                                     20.40 kB │ gzip:   6.77 kB │ map:    23.51 kB
dist/assets/nushell-DcLAeLz5.js                                  20.45 kB │ gzip:   5.25 kB │ map:    27.67 kB
dist/assets/browserHistoryStore-CilzBa-S.js                      20.71 kB │ gzip:   7.29 kB │ map:   110.08 kB
dist/assets/snazzy-light-4G7pJPwS.js                             20.82 kB │ gzip:   3.84 kB │ map:    28.04 kB
dist/assets/snazzy-light-D8dzFmq5.js                             20.82 kB │ gzip:   3.84 kB │ map:    28.04 kB
dist/assets/twig-D4urEgug.js                                     20.94 kB │ gzip:   3.70 kB │ map:    29.34 kB
dist/assets/dracula-BHWKrbxM.js                                  21.10 kB │ gzip:   4.03 kB │ map:    27.52 kB
dist/assets/dracula-C2uKkzgK.js                                  21.10 kB │ gzip:   4.03 kB │ map:    27.52 kB
dist/assets/dracula-soft-5eyTD99u.js                             21.12 kB │ gzip:   4.06 kB │ map:    27.55 kB
dist/assets/dracula-soft-D1bVjxWZ.js                             21.12 kB │ gzip:   4.06 kB │ map:    27.55 kB
dist/assets/number-field-BaI2FUTV.js                             21.20 kB │ gzip:   8.03 kB │ map:    99.70 kB
dist/assets/wit-DdvCle-K.js                                      21.50 kB │ gzip:   2.91 kB │ map:    30.11 kB
dist/assets/rose-pine-BthvhNj6.js                                21.78 kB │ gzip:   3.90 kB │ map:    28.79 kB
dist/assets/rose-pine-rh6ipraJ.js                                21.78 kB │ gzip:   3.90 kB │ map:    28.79 kB
dist/assets/rose-pine-moon-DdHjCvFQ.js                           21.80 kB │ gzip:   3.91 kB │ map:    28.82 kB
dist/assets/rose-pine-moon-hon4tzzS.js                           21.80 kB │ gzip:   3.91 kB │ map:    28.82 kB
dist/assets/rose-pine-dawn-DSuRaP6u.js                           21.80 kB │ gzip:   3.91 kB │ map:    28.82 kB
dist/assets/rose-pine-dawn-Dg85fqjY.js                           21.80 kB │ gzip:   3.92 kB │ map:    28.82 kB
dist/assets/MorphIcon-B7XyFOPt.js                                21.85 kB │ gzip:   9.10 kB │ map:   689.39 kB
dist/assets/nim-BjwzhXka.js                                      22.49 kB │ gzip:   3.19 kB │ map:    32.88 kB
dist/assets/common-lisp-Cv5bFMCO.js                              22.62 kB │ gzip:   6.11 kB │ map:    26.70 kB
dist/assets/surrealql-dFrJr534.js                                22.63 kB │ gzip:   4.34 kB │ map:    32.51 kB
dist/assets/gruvbox-dark-hard-C820rvS2.js                        22.68 kB │ gzip:   4.19 kB │ map:    30.59 kB
dist/assets/gruvbox-dark-hard-DXm60lX3.js                        22.68 kB │ gzip:   4.19 kB │ map:    30.59 kB
dist/assets/gruvbox-dark-soft-04Cj-4VZ.js                        22.68 kB │ gzip:   4.19 kB │ map:    30.59 kB
dist/assets/gruvbox-dark-soft-MrdJrrXF.js                        22.68 kB │ gzip:   4.19 kB │ map:    30.59 kB
dist/assets/gruvbox-light-hard-BC_s9l72.js                       22.68 kB │ gzip:   4.19 kB │ map:    30.60 kB
dist/assets/gruvbox-light-hard-K6wSn29D.js                       22.68 kB │ gzip:   4.19 kB │ map:    30.60 kB
dist/assets/gruvbox-light-soft-BSMLrYjP.js                       22.68 kB │ gzip:   4.19 kB │ map:    30.60 kB
dist/assets/gruvbox-light-soft-DNgJjaY0.js                       22.68 kB │ gzip:   4.19 kB │ map:    30.60 kB
dist/assets/gruvbox-dark-medium-BPjhmG05.js                      22.69 kB │ gzip:   4.19 kB │ map:    30.61 kB
dist/assets/gruvbox-dark-medium-GE2thSmD.js                      22.69 kB │ gzip:   4.19 kB │ map:    30.61 kB
dist/assets/gruvbox-light-medium-BAWPOn9u.js                     22.69 kB │ gzip:   4.20 kB │ map:    30.61 kB
dist/assets/gruvbox-light-medium-CVy3aSlc.js                     22.69 kB │ gzip:   4.19 kB │ map:    30.61 kB
dist/assets/sankeyDiagram-P5KCCOFB-gu6j0XQD.js                   22.85 kB │ gzip:   8.30 kB │ map:    88.38 kB
dist/assets/bird2-C6vDhewU.js                                    22.97 kB │ gzip:   4.69 kB │ map:    31.07 kB
dist/assets/journeyDiagram-3NMN7TZE-qBSdIPnK.js                  23.21 kB │ gzip:   8.21 kB │ map:    80.12 kB
dist/assets/mindmap-definition-YA3MSWOX-BaZE4po-.js              23.50 kB │ gzip:   8.06 kB │ map:    76.48 kB
dist/assets/sql-DvarVTMJ.js                                      23.53 kB │ gzip:   7.55 kB │ map:    27.97 kB
dist/assets/settings.projects-D2r5TQ8N.js                        23.58 kB │ gzip:   9.05 kB │ map:    78.86 kB
dist/assets/cadence-CQ2zXKGN.js                                  23.70 kB │ gzip:   3.69 kB │ map:    33.60 kB
dist/assets/graphlib-DS17s2tU.js                                 23.95 kB │ gzip:   8.35 kB │ map:   208.87 kB
dist/assets/astro-CbVusc_k.js                                    24.06 kB │ gzip:   7.63 kB │ map:    29.27 kB
dist/assets/apl-D8Zaj6f9.js                                      24.07 kB │ gzip:   4.20 kB │ map:    33.43 kB
dist/assets/templ-DP4lTcEq.js                                    24.10 kB │ gzip:   5.44 kB │ map:    30.96 kB
dist/assets/angular-html-aPuBvESs.js                             24.29 kB │ gzip:   4.02 kB │ map:    35.88 kB
dist/assets/vhdl-BroJfC0k.js                                     24.29 kB │ gzip:   3.90 kB │ map:    33.39 kB
dist/assets/vue-DZsmxNi9.js                                      24.53 kB │ gzip:   2.99 kB │ map:    36.99 kB
dist/assets/purescript-9MfHhQsQ.js                               24.72 kB │ gzip:   3.27 kB │ map:    34.90 kB
dist/assets/typespec-BRdr0IET.js                                 25.08 kB │ gzip:   2.66 kB │ map:    34.70 kB
dist/assets/wardleyDiagram-VM6X3IG4-DZULTrQw.js                  25.26 kB │ gzip:   6.59 kB │ map:    81.93 kB
dist/assets/one-light-CVUd7yD5.js                                25.34 kB │ gzip:   3.67 kB │ map:    33.82 kB
dist/assets/one-light-D7Lr4KcI.js                                25.34 kB │ gzip:   3.67 kB │ map:    33.82 kB
dist/assets/fsharp-D13ZGOAj.js                                   25.34 kB │ gzip:   4.16 kB │ map:    35.91 kB
dist/assets/marko-DYWPPmCl.js                                    25.52 kB │ gzip:   3.62 kB │ map:    35.92 kB
dist/assets/night-owl-light-BODRhcTU.js                          25.95 kB │ gzip:   4.27 kB │ map:    35.18 kB
dist/assets/night-owl-light-eJ-hLW7d.js                          25.95 kB │ gzip:   4.27 kB │ map:    35.18 kB
dist/assets/system-verilog-DJ5XKQeo.js                           26.24 kB │ gzip:   4.86 kB │ map:    36.28 kB
dist/assets/nord-Cb4Vim4T.js                                     26.76 kB │ gzip:   4.39 kB │ map:    35.36 kB
dist/assets/nord-Cd-F4txO.js                                     26.76 kB │ gzip:   4.39 kB │ map:    35.36 kB
dist/assets/codeql-oeQT6MSM.js                                   26.92 kB │ gzip:   3.83 kB │ map:    36.02 kB
dist/assets/c3-BFHwR3_K.js                                       27.00 kB │ gzip:   3.96 kB │ map:    39.15 kB
dist/assets/rough.esm-Dy-Kn_BL.js                                27.15 kB │ gzip:   8.89 kB │ map:    76.60 kB
dist/assets/scss-BaZL6t2Y.js                                     27.31 kB │ gzip:   4.26 kB │ map:    38.39 kB
dist/assets/java-D7h0NA_A.js                                     27.32 kB │ gzip:   4.35 kB │ map:    38.67 kB
dist/assets/sidebar-B8xJxg9b.js                                  27.39 kB │ gzip:   8.78 kB │ map:    77.38 kB
dist/assets/coffee-BP03ytLP.js                                   27.46 kB │ gzip:   6.38 kB │ map:    36.12 kB
dist/assets/razor-BSt2ayLr.js                                    27.49 kB │ gzip:   3.57 kB │ map:    38.36 kB
dist/assets/DiffWorkerPoolProvider-CMPl2RtL.js                   28.64 kB │ gzip:   8.22 kB │ map:    90.82 kB
dist/assets/scala-DKOlJaKm.js                                    28.92 kB │ gzip:   3.96 kB │ map:    40.12 kB
dist/assets/night-owl-BsnCLAKc.js                                28.95 kB │ gzip:   5.18 kB │ map:    39.07 kB
dist/assets/night-owl-DhmEMT88.js                                28.95 kB │ gzip:   5.18 kB │ map:    39.07 kB
dist/assets/select-CYmjTtaf.js                                   29.06 kB │ gzip:  10.82 kB │ map:   131.09 kB
dist/assets/gitGraphDiagram-WWUBYQGX-BSM-hVFe.js                 29.07 kB │ gzip:   8.59 kB │ map:   117.80 kB
dist/assets/CodexSetupSection.logic-CntB83Rd.js                  29.18 kB │ gzip:   9.81 kB │ map:   107.72 kB
dist/assets/crystal-CCpd0BXH.js                                  29.45 kB │ gzip:   4.47 kB │ map:    41.29 kB
dist/assets/mermaid-Bk4SNUv9.js                                  29.54 kB │ gzip:   3.68 kB │ map:    44.13 kB
dist/assets/applescript-CCn79oCD.js                              29.61 kB │ gzip:   5.98 kB │ map:    39.36 kB
dist/assets/UsageLimits-mo8rJNKY.js                              29.71 kB │ gzip:  10.26 kB │ map:    86.02 kB
dist/assets/timeline-definition-24CTP7MA-CGDub100.js             30.43 kB │ gzip:  10.02 kB │ map:   107.85 kB
dist/assets/pierre-dark-CpLgRqie.js                              30.59 kB │ gzip:   4.77 kB │ map:    34.25 kB
dist/assets/pierre-light-CoaEpmwp.js                             30.59 kB │ gzip:   4.77 kB │ map:    34.25 kB
dist/assets/pierre-dark-soft-kZQmAZld.js                         30.61 kB │ gzip:   4.81 kB │ map:    34.27 kB
dist/assets/pierre-light-soft-lWLdNTOI.js                        30.61 kB │ gzip:   4.77 kB │ map:    34.28 kB
dist/assets/pierre-dark-tritanopia-CpjhbsIL.js                   30.62 kB │ gzip:   4.72 kB │ map:    34.30 kB
dist/assets/pierre-light-tritanopia-CEbqgOJL.js                  30.63 kB │ gzip:   4.73 kB │ map:    34.31 kB
dist/assets/pierre-dark-protanopia-deuteranopia-B35FxJx-.js      30.66 kB │ gzip:   4.80 kB │ map:    34.37 kB
dist/assets/pierre-light-protanopia-deuteranopia-0fSaH845.js     30.67 kB │ gzip:   4.76 kB │ map:    34.38 kB
dist/assets/erDiagram-RLTQ6QDP-ChpOXERB.js                       30.74 kB │ gzip:  10.62 kB │ map:   104.66 kB
dist/assets/chunk-75Z2AOVW-C-PUmJIa.js                           30.81 kB │ gzip:   8.55 kB │ map:   132.36 kB
dist/assets/julia-CUV9Mr9X.js                                    31.05 kB │ gzip:   4.34 kB │ map:    40.65 kB
dist/assets/requirementDiagram-BXWQKSXE-DlOjTiVL.js              31.06 kB │ gzip:   9.82 kB │ map:    99.84 kB
dist/assets/stylus-B6D30XZt.js                                   31.11 kB │ gzip:   8.05 kB │ map:    38.89 kB
dist/assets/settings.source-control--lukmDeL.js                  32.48 kB │ gzip:  11.24 kB │ map:   103.30 kB
dist/assets/ComboboxClear-BCjL8Ksm.js                            32.63 kB │ gzip:  11.42 kB │ map:   174.68 kB
dist/assets/PullRequestCodeTab-DjY20h4b.js                       33.24 kB │ gzip:  11.35 kB │ map:   166.76 kB
dist/assets/poimandres-BX2TyY6j.js                               33.53 kB │ gzip:   5.53 kB │ map:    43.08 kB
dist/assets/poimandres-DRFjx7u4.js                               33.53 kB │ gzip:   5.53 kB │ map:    43.08 kB
dist/assets/ThemeEditorPanel-CahYAOy1.js                         33.55 kB │ gzip:  11.49 kB │ map:   141.53 kB
dist/assets/quadrantDiagram-AXDQQJYC-CIJM_EPC.js                 33.57 kB │ gzip:   9.79 kB │ map:   111.75 kB
dist/assets/DiffPanel-6BcgHGW8.js                                33.58 kB │ gzip:  12.42 kB │ map:   144.08 kB
dist/assets/settings.snap-shot-CUSw4HVE.js                       33.76 kB │ gzip:  11.02 kB │ map:   127.27 kB
dist/assets/one-dark-pro-CLwyXe_n.js                             33.83 kB │ gzip:   5.54 kB │ map:    44.52 kB
dist/assets/one-dark-pro-DUS_IGRK.js                             33.83 kB │ gzip:   5.54 kB │ map:    44.52 kB
dist/assets/bsl-BkkzgIyY.js                                      33.90 kB │ gzip:   8.38 kB │ map:    37.64 kB
dist/assets/ScheduledTasksSettings-DR5XtwBQ.js                   35.19 kB │ gzip:  13.26 kB │ map:   110.24 kB
dist/assets/haxe-OTjmBuCE.js                                     35.19 kB │ gzip:   5.94 kB │ map:    49.53 kB
dist/assets/nginx-BrbrEdla.js                                    35.39 kB │ gzip:   4.49 kB │ map:    48.51 kB
dist/assets/houston-CsvMBhTu.js                                  35.46 kB │ gzip:   5.80 kB │ map:    46.41 kB
dist/assets/houston-KyjWKfuY.js                                  35.46 kB │ gzip:   5.80 kB │ map:    46.41 kB
dist/assets/tokyo-night-iIspnLcq.js                              35.71 kB │ gzip:   6.26 kB │ map:    45.36 kB
dist/assets/tokyo-night-oM2G3aXe.js                              35.71 kB │ gzip:   6.26 kB │ map:    45.36 kB
dist/assets/chunk-OSK3NFVY-r7MiFnTI.js                           36.52 kB │ gzip:   8.00 kB │ map:   118.62 kB
dist/assets/PreviewPanel-BP3OpmnD.js                             36.82 kB │ gzip:  13.45 kB │ map:   142.38 kB
dist/assets/dagre-C-rnJpZF.js                                    36.89 kB │ gzip:  13.27 kB │ map:   262.10 kB
dist/assets/erlang-Cphh6RMH.js                                   37.52 kB │ gzip:   4.39 kB │ map:    51.59 kB
dist/assets/chunk-IMKFNOWR-BB-dIVX5.js                           37.73 kB │ gzip:  12.34 kB │ map:   126.57 kB
dist/assets/settings.keybindings-C9kiO-bM.js                     38.48 kB │ gzip:  12.99 kB │ map:   119.76 kB
dist/assets/cobol-qSrRm_BU.js                                    39.11 kB │ gzip:  10.92 kB │ map:    47.39 kB
dist/assets/ProviderModelPicker-CHHCJ7i0.js                      39.37 kB │ gzip:  13.53 kB │ map:   157.87 kB
dist/assets/useSettings-BVONkpH8.js                              39.49 kB │ gzip:  12.66 kB │ map:   209.59 kB
dist/assets/asm-Cmm7eHzH.js                                      40.75 kB │ gzip:   8.20 kB │ map:    53.01 kB
dist/assets/WorkerPoolContext-PHVFzW_L.js                        40.94 kB │ gzip:  10.44 kB │ map:   123.48 kB
dist/assets/settingsLayout-qN3fPSe2.js                           41.07 kB │ gzip:  14.32 kB │ map:   167.23 kB
dist/assets/vennDiagram-4TSXK5OY-C5JLuZyX.js                     41.21 kB │ gzip:  15.16 kB │ map:   187.28 kB
dist/assets/blockDiagram-I7D4REHJ-DCDu3NDX.js                    41.50 kB │ gzip:  13.41 kB │ map:   137.00 kB
dist/assets/haskell-D8IpX4py.js                                  41.52 kB │ gzip:   6.44 kB │ map:    57.86 kB
dist/assets/shellscript-B51zB43X.js                              41.59 kB │ gzip:   6.17 kB │ map:    56.57 kB
dist/assets/DevicePanel-_xdOTqMj.js                              41.80 kB │ gzip:  14.17 kB │ map:   126.79 kB
dist/assets/pullRequestPresentation-BLXNClNo.js                  42.34 kB │ gzip:  14.78 kB │ map:   209.78 kB
dist/assets/perl-BtArmf81.js                                     43.18 kB │ gzip:   4.68 kB │ map:    60.84 kB
dist/assets/d-qD-0Kul2.js                                        43.82 kB │ gzip:   8.46 kB │ map:    62.70 kB
dist/assets/xychartDiagram-S5SC5T6Z-eo0w905C.js                  44.20 kB │ gzip:  12.26 kB │ map:   147.85 kB
dist/assets/pierre-dark-vibrant-CpQYzh95.js                      44.81 kB │ gzip:   5.33 kB │ map:    48.48 kB
dist/assets/pierre-light-vibrant-D80Fkn33.js                     44.81 kB │ gzip:   5.31 kB │ map:    48.49 kB
dist/assets/toast-CtGeoGZJ.js                                    45.12 kB │ gzip:  14.98 kB │ map:   219.56 kB
dist/assets/src-oBChb5qS.js                                      45.72 kB │ gzip:  16.04 kB │ map:   200.73 kB
dist/assets/renderFileChildren-JQ8loBHq.js                       46.12 kB │ gzip:  12.15 kB │ map:   139.23 kB
dist/assets/ruby-CGKZZEAw.js                                     46.64 kB │ gzip:   5.75 kB │ map:    66.39 kB
dist/assets/go-rLFTqkRN.js                                       46.85 kB │ gzip:   5.18 kB │ map:    66.61 kB
dist/assets/welcome-DEijV1oA.js                                  47.02 kB │ gzip:  15.93 kB │ map:   160.66 kB
dist/assets/catppuccin-mocha-Co3Xjl64.js                         47.30 kB │ gzip:   8.02 kB │ map:    62.04 kB
dist/assets/catppuccin-mocha-DYhrFGRu.js                         47.30 kB │ gzip:   8.02 kB │ map:    62.04 kB
dist/assets/catppuccin-latte-CpxdcXpJ.js                         47.30 kB │ gzip:   8.02 kB │ map:    62.04 kB
dist/assets/catppuccin-latte-DwIHMF0Q.js                         47.30 kB │ gzip:   8.02 kB │ map:    62.04 kB
dist/assets/catppuccin-frappe-3VR1Za6u.js                        47.31 kB │ gzip:   8.03 kB │ map:    62.05 kB
dist/assets/catppuccin-frappe-DFlFW5gh.js                        47.31 kB │ gzip:   8.03 kB │ map:    62.05 kB
dist/assets/catppuccin-macchiato-DIdIQ04K.js                     47.31 kB │ gzip:   8.03 kB │ map:    62.06 kB
dist/assets/catppuccin-macchiato-DYnBP6_5.js                     47.31 kB │ gzip:   8.03 kB │ map:    62.06 kB
dist/assets/pierre-icons-BM7-d4b9.js                             47.38 kB │ gzip:  16.54 kB │ map:    69.18 kB
dist/assets/apex-VAyPSnFM.js                                     47.80 kB │ gzip:   6.85 kB │ map:    66.79 kB
dist/assets/session-logic-2ZPklQ4v.js                            48.05 kB │ gzip:  14.32 kB │ map:   225.35 kB
dist/assets/ada-C5qYipkI.js                                      48.11 kB │ gzip:   6.00 kB │ map:    70.97 kB
dist/assets/chunk-TICWLB2K-m7c99YVL.js                           48.87 kB │ gzip:  15.82 kB │ map:   152.86 kB
dist/assets/css-DlBQoFxe.js                                      49.14 kB │ gzip:  11.99 kB │ map:    60.68 kB
dist/assets/imba-DsUTQ-LC.js                                     49.96 kB │ gzip:   9.51 kB │ map:    68.09 kB
dist/assets/chunk-GMAD6QVW-QDUQIQjd.js                           51.89 kB │ gzip:  16.73 kB │ map:   137.72 kB
dist/assets/everforest-dark-D-DlICQR.js                          53.79 kB │ gzip:   8.41 kB │ map:    68.29 kB
dist/assets/everforest-dark-sB-x3p7T.js                          53.79 kB │ gzip:   8.41 kB │ map:    68.29 kB
dist/assets/everforest-light-CeVdGHYG.js                         53.79 kB │ gzip:   8.41 kB │ map:    68.29 kB
dist/assets/everforest-light-Df2xbC6M.js                         53.79 kB │ gzip:   8.41 kB │ map:    68.29 kB
dist/assets/wikitext-ClFFjSW2.js                                 55.92 kB │ gzip:   4.85 kB │ map:    77.65 kB
dist/assets/stata-8TbiBYrm.js                                    57.03 kB │ gzip:  12.44 kB │ map:    74.21 kB
dist/assets/html-BsvMqTlf.js                                     57.36 kB │ gzip:  11.82 kB │ map:    73.08 kB
dist/assets/ballerina-B7ZEbQpA.js                                58.73 kB │ gzip:   8.14 kB │ map:    81.54 kB
dist/assets/markdown-BYOwaDjH.js                                 59.37 kB │ gzip:   5.70 kB │ map:    82.34 kB
dist/assets/chunk-SHT3W25Y-BbrNRdBO.js                           61.29 kB │ gzip:  19.91 kB │ map:   195.38 kB
dist/assets/settings.integrations-DJLGBIEJ.js                    61.69 kB │ gzip:  19.66 kB │ map:   225.06 kB
dist/assets/ocaml-O90oeIOV.js                                    62.48 kB │ gzip:   5.08 kB │ map:    81.11 kB
dist/assets/_chat.pull-requests-DkrK5Xoh.js                      63.04 kB │ gzip:  21.51 kB │ map:   289.40 kB
dist/assets/c4Diagram-7LVT6UL2-Bmsh3BbC.js                       64.79 kB │ gzip:  18.58 kB │ map:   193.54 kB
dist/assets/useHandleNewThread-DgyTZmuD.js                       67.82 kB │ gzip:  22.55 kB │ map:   361.40 kB
dist/assets/ganttDiagram-EL5Y4UJY-MEPT-D9Z.js                    69.41 kB │ gzip:  22.79 kB │ map:   248.48 kB
dist/assets/mojo-BgCJLMeH.js                                     69.83 kB │ gzip:   9.25 kB │ map:    94.94 kB
dist/assets/python-gzcpVVnB.js                                   69.98 kB │ gzip:   9.13 kB │ map:    95.25 kB
dist/assets/diffFileContents-CG7e_C8w.js                         70.00 kB │ gzip:  19.60 kB │ map:   218.36 kB
dist/assets/renderDiffChildren-BdeqV_aE.js                       72.18 kB │ gzip:  18.21 kB │ map:   246.02 kB
dist/assets/c-BNQJhXlP.js                                        72.21 kB │ gzip:  10.59 kB │ map:    95.41 kB
dist/assets/latex-BiLe4k5T.js                                    72.91 kB │ gzip:   6.77 kB │ map:   100.97 kB
dist/assets/vyper-CgoNMtux.js                                    74.68 kB │ gzip:  10.73 kB │ map:   100.72 kB
dist/assets/usage-CzUu0nbB.js                                    76.03 kB │ gzip:  23.98 kB │ map:   291.77 kB
dist/assets/settings.diagnostics-Du7XD0x_.js                     78.78 kB │ gzip:  20.55 kB │ map:   218.09 kB
dist/assets/themePalette-BhIQ3qJI.js                             79.92 kB │ gzip:  23.52 kB │ map:   295.74 kB
dist/assets/hack-DtWbob4V.js                                     81.09 kB │ gzip:  26.47 kB │ map:    98.64 kB
dist/assets/cose-bilkent-JH36ORCC-COXSdE6a.js                    81.31 kB │ gzip:  21.58 kB │ map:   302.48 kB
dist/assets/settings.connections-BiIjU1Ua.js                     85.39 kB │ gzip:  27.67 kB │ map:   332.75 kB
dist/assets/swift-DonLKvLd.js                                    86.72 kB │ gzip:  14.72 kB │ map:   114.52 kB
dist/assets/fortran-free-form-CYNrtFtB.js                        89.01 kB │ gzip:  11.23 kB │ map:   124.07 kB
dist/assets/csharp-oqKa8noW.js                                   90.22 kB │ gzip:  10.75 kB │ map:   126.36 kB
dist/assets/racket-DcIDlBhZ.js                                   92.42 kB │ gzip:  15.11 kB │ map:   106.20 kB
dist/assets/less-DVTAwKKz.js                                     97.66 kB │ gzip:  14.88 kB │ map:   131.86 kB
dist/assets/ThreadTerminalDrawer-CmXTYRR4.js                     97.77 kB │ gzip:  28.24 kB │ map:   385.95 kB
dist/assets/chunk-4HAMMTFA-B8qtqSEW.js                          104.90 kB │ gzip:  25.67 kB │ map:   413.93 kB
dist/assets/blade-BuKMbjJR.js                                   105.01 kB │ gzip:  28.34 kB │ map:   131.09 kB
dist/assets/objective-c-D1A_Heim.js                             105.45 kB │ gzip:  23.67 kB │ map:   129.66 kB
dist/assets/swimlanes-42K2YHIH-CRIf9seW.js                      111.17 kB │ gzip:  38.05 kB │ map:   539.09 kB
dist/assets/php-Cx25uSIP.js                                     113.12 kB │ gzip:  28.89 kB │ map:   142.16 kB
dist/assets/sequenceDiagram-WJ2MYXX4-7ioe4Hsg.js                115.80 kB │ gzip:  30.63 kB │ map:   351.68 kB
dist/assets/getDiffFileInput-z7pcrwxi.js                        116.55 kB │ gzip:  27.61 kB │ map:   348.71 kB
dist/assets/mermaid.core-ChYnyaan.js                            122.39 kB │ gzip:  36.46 kB │ map:   355.94 kB
dist/assets/asciidoc-DE70LPWp.js                                131.56 kB │ gzip:   9.35 kB │ map:   189.12 kB
dist/assets/mdx-DQZ5AkYe.js                                     136.14 kB │ gzip:  23.57 kB │ map:   176.73 kB
dist/assets/architectureDiagram-5GKGNRK7-BF7WcROZ.js            148.97 kB │ gzip:  41.16 kB │ map:   595.64 kB
dist/assets/settings.providers-DnkKJzwo.js                      151.37 kB │ gzip:  48.39 kB │ map:   492.27 kB
dist/assets/runtime-Dgy-E9tq.js                                 166.05 kB │ gzip:  48.48 kB │ map:   893.58 kB
dist/assets/objective-cpp-BsSzOQcm.js                           172.01 kB │ gzip:  31.02 kB │ map:   218.55 kB
dist/assets/javascript-DcMHgNcu.js                              174.94 kB │ gzip:  16.73 kB │ map:   236.11 kB
dist/assets/atomRegistry-CZ5EfTNX.js                            175.30 kB │ gzip:  55.89 kB │ map: 1,206.39 kB
dist/assets/tsx-DvWhG4dC.js                                     175.64 kB │ gzip:  16.72 kB │ map:   236.76 kB
dist/assets/jsx-BUUYi3qs.js                                     177.89 kB │ gzip:  16.81 kB │ map:   239.02 kB
dist/assets/typescript-BTGs5etX.js                              181.19 kB │ gzip:  16.33 kB │ map:   244.45 kB
dist/assets/angular-ts-ocjSXnvf.js                              183.77 kB │ gzip:  16.82 kB │ map:   249.70 kB
dist/assets/vue-vine-By_xyXdL.js                                190.10 kB │ gzip:  18.11 kB │ map:   255.27 kB
dist/assets/FilePreviewPanel-BeixpuE2.js                        192.00 kB │ gzip:  62.92 kB │ map:   761.70 kB
dist/assets/chunk-DU6HZSFF-BoVXgkqp.js                          208.64 kB │ gzip:  27.50 kB │ map:   478.01 kB
dist/assets/fileTreeExpansion-BSCIdwwA.js                       211.04 kB │ gzip:  58.31 kB │ map:   738.44 kB
dist/assets/PanelLayoutControls-BOUiepgR.js                     227.51 kB │ gzip:  68.56 kB │ map:   746.03 kB
dist/assets/diffRendering-Ju8QW9-l.js                           253.41 kB │ gzip:  81.36 kB │ map:   942.55 kB
dist/assets/dynamic-BdGzv0bA.js                                 255.85 kB │ gzip:  57.28 kB │ map:   178.45 kB
dist/assets/katex-ZlcWpGUi.js                                   258.72 kB │ gzip:  77.47 kB │ map:   969.78 kB
dist/assets/wolfram-DLL8P-h_.js                                 262.42 kB │ gzip:  77.67 kB │ map:   279.67 kB
dist/assets/SettingsPanels-BY7AVRoK.js                          278.87 kB │ gzip:  87.26 kB │ map:   878.15 kB
dist/assets/dist-CKMhZlhI.js                                    304.98 kB │ gzip:  88.61 kB │ map: 1,500.62 kB
dist/assets/cytoscape.esm-Yq6u8L66.js                           434.90 kB │ gzip: 137.83 kB │ map: 1,833.44 kB
dist/assets/ComposerPromptEditor-DYfT4iFB.js                    480.32 kB │ gzip: 153.27 kB │ map: 2,085.01 kB
dist/assets/ChatMarkdown-Dr9EeRIl.js                            507.64 kB │ gzip: 163.59 kB │ map: 2,326.42 kB
dist/assets/renderScheduler-cUGq1qMB.js                         608.17 kB │ gzip: 156.06 kB │ map: 3,056.47 kB
dist/assets/wasm-BnjxR4X6.js                                    622.36 kB │ gzip: 232.13 kB │ map:   622.91 kB
dist/assets/cpp-4BEcTiKF.js                                     626.17 kB │ gzip:  48.13 kB │ map:   816.29 kB
dist/assets/chunk-FOHPRMQF-DzxwRta7.js                          662.16 kB │ gzip: 143.21 kB │ map: 2,082.87 kB
dist/assets/emacs-lisp-B4R74twV.js                              779.92 kB │ gzip: 197.59 kB │ map:   789.86 kB
dist/assets/utils-CvFUYrqn.js                                   899.15 kB │ gzip: 288.60 kB │ map: 7,085.19 kB
dist/assets/_chat-GdsB_Z1t.js                                   950.41 kB │ gzip: 298.98 kB │ map: 3,530.50 kB
dist/assets/main-DQ07zIGV.js                                    984.78 kB │ gzip: 313.36 kB │ map: 4,407.86 kB
dist/assets/heic-to-DeD09f__.js                               2,995.22 kB │ gzip: 750.97 kB │ map: 2,998.72 kB

[plugin builtin:vite-reporter] 
(!) Some chunks are larger than 500 kB after minification. Consider:
- Using dynamic import() to code-split the application
- Use build.rolldownOptions.output.codeSplitting to improve chunking: https://rolldown.rs/reference/OutputOptions.codeSplitting
- Adjust chunk size limit for this warning via build.chunkSizeWarningLimit.
✓ built in 1m 29s
[33m[PLUGIN_TIMINGS] [0mJavaScript callbacks ran for 84.5s of this 89.3s build (95%).
The slowest callbacks, timed inside each callback (the wait before a callback starts is excluded, the time it awaits is included):
  - plugin @rolldown/plugin-babel transform (86%, 76.7s, 1214 calls)
  - plugin @tailwindcss/vite:generate:build transform (5%, 4.4s, 2 calls)
  - plugin vite:worker load (3%, 2.8s, 1 call)
  - plugin t3code:third-party-licenses generateBundle (3%, 2.5s, 1 call)
  - plugin vite:build-import-analysis generateBundle (1%, 1.3s, 1 call)
These rows add up to more than the total. Callbacks can overlap, so the same time counts for more than one row.
1 callback is listed without a time. Its calls overlapped, so the time inside one call includes work from other calls. To find its cost, profile the build with `node --cpu-prof`:
  - plugin vite:asset load (12 calls)
See https://rolldown.rs/reference/InputOptions.checks#bundlertimings for more details.

